-- phpMyAdmin SQL Dump
-- version 4.7.9
-- https://www.phpmyadmin.net/
--
-- Host: 127.0.0.1:3306
-- Generation Time: 24-Set-2018 às 19:04
-- Versão do servidor: 5.7.21
-- PHP Version: 5.6.35

SET SQL_MODE = "NO_AUTO_VALUE_ON_ZERO";
SET AUTOCOMMIT = 0;
START TRANSACTION;
SET time_zone = "+00:00";


/*!40101 SET @OLD_CHARACTER_SET_CLIENT=@@CHARACTER_SET_CLIENT */;
/*!40101 SET @OLD_CHARACTER_SET_RESULTS=@@CHARACTER_SET_RESULTS */;
/*!40101 SET @OLD_COLLATION_CONNECTION=@@COLLATION_CONNECTION */;
/*!40101 SET NAMES utf8mb4 */;

--
-- Database: `sistema_pelo_e_pele`
--

DELIMITER $$
--
-- Functions
--
DROP FUNCTION IF EXISTS `SPLIT_STR`$$
CREATE FUNCTION `SPLIT_STR` (`x` VARCHAR(255), `delim` VARCHAR(12), `pos` INT) RETURNS VARCHAR(255) CHARSET latin1 BEGIN 
    RETURN REPLACE(SUBSTRING(SUBSTRING_INDEX(x, delim, pos),
       LENGTH(SUBSTRING_INDEX(x, delim, pos -1)) + 1),
       delim, '');
END$$

DELIMITER ;

-- --------------------------------------------------------

--
-- Estrutura da tabela `colaboradores`
--

DROP TABLE IF EXISTS `colaboradores`;
CREATE TABLE IF NOT EXISTS `colaboradores` (
  `REPRE_Codigo` int(11) NOT NULL AUTO_INCREMENT,
  `REPRE_Nome` varchar(250) DEFAULT NULL,
  `REPRE_Endereco` varchar(250) DEFAULT NULL,
  `REPRE_Telefone` varchar(250) DEFAULT NULL,
  `REPRE_Cep` varchar(100) DEFAULT NULL,
  `REPRE_Nome_Fantasia` varchar(250) DEFAULT NULL,
  `REPRE_Cidade` varchar(100) DEFAULT NULL,
  `REPRE_Email` varchar(100) DEFAULT NULL,
  PRIMARY KEY (`REPRE_Codigo`)
) ENGINE=MyISAM AUTO_INCREMENT=455 DEFAULT CHARSET=latin1;

--
-- Extraindo dados da tabela `colaboradores`
--

INSERT INTO `colaboradores` (`REPRE_Codigo`, `REPRE_Nome`, `REPRE_Endereco`, `REPRE_Telefone`, `REPRE_Cep`, `REPRE_Nome_Fantasia`, `REPRE_Cidade`, `REPRE_Email`) VALUES
(1, '000549-CAMILA GADELHA DE MATOS 26.941.396/0001-65', 'ÁREA QNG ÁREA ESPECIAL 01	05 LOTE6 SETOR - 05 TAGUATINGA NORTE (TA', '(61) 3354-5948 / (61) 3354-2316', '72.130-001', 'CAMILA GADELHA DE MATOS 0779778700126 CAMILA GADELHA DE MATOS', 'BRASILIA / DF', 'camilagadelha@hotmail.com'),
(2, '000521-GLOSS DISTRIBUIDORA EIRELI ME 23.593.208/0001-67', 'NÚCLEO RURAL CASA GRANDE CONJ. B LT GAMA - 17	COND. VICTORIA SETOR OESTE (GAMA)', '(61) 99640-6050', '72.428-010', 'GLOSS DISTRIBUIDORA EIREL 0774328000165 GLOSS DISTRIBUIDORA EIREL', 'BRASILIA / DF', 'glossadm@outlook.com'),
(3, '000524-IMPACTO COSMÉTICOS 06.862.699/0001-85', 'AV. SÃO LEOPOLDO - 50	SL 04 CENTRO', '(51) 3597-3208', '93.700-000', 'IMPACTO COSMÉTICOS 0190090944 IMPACTO COSMÉTICOS', 'CAMPO BOM / RS', 'impactocosmeticos@sinos.net'),
(4, '000525-SUPER BONITA PRODUTOS DE BELEZA ME 21.550.109/0001-72', 'RUA MAUÁ - 907	LOJA 01 RIO BRANCO', '(51) 3785-9229', '92.200-190', 'SUPER BONITA PRODUTOS DE 0240476603 SUPER BONITA PRODUTOS DE', 'CANOAS / RS', 'super-bonita@hotmail.com'),
(5, '000461-M. DO S. DANTAS 04.995.539/0001-89', 'RUA GAL. JOÃO VARELA	- 744 CENTRO', '(84) 3221-2660', '59.570-000', 'M. DO S. DANTAS 200926306 M. DO S. DANTAS', 'CEARA-MIRIM / RN', 'renee_pedrosa@hotmail.com'),
(6, '000444-PERFUMARIA MELO LTDA ME 04.322.067/0001-01', 'RUA JOSE LUIZ BARBOSA	- 1150 CENTRO', '(38) 3228-1687', '30.340-000', 'PERFUMARIA MELO LTDA ME 1881155450003 PERFUMARIA MELO LTDA ME', 'CORACAO DE JESUS / MG', 'perfumariamelo@gmail.com'),
(7, '000118-EDYFARMA MEDICAMENTOS LTDA 04.024.762/0001-89', 'RUA RAQUEL MAGALHAES	- 94 A CENTRO', '(88) 98854-9076', '63.645-970', 'EDYFARMA MEDICAMENTOS LTD 063060213 EDYFARMA MEDICAMENTOS LTD', 'DEPUTADO IRAPUAN PINHEIRO / CE', 'farmacia.imaculada@gamil.com'),
(8, '000286-NORDESTE DIST. DE PERFUMARIA E HIGIENE LTDA 08.912.774/0001-09', 'RUA HAROLDO TORRES - 1305	A PRESIDENTE KENNEDY', '(85) 3311-4000', '60.357-100', 'NORDESTE DISTRIBUIDORA 062102680 NORDESTE DISTRIBUIDORA', 'FORTALEZA / CE', 'nfe@nordestecomercial.com.br'),
(9, '000129-IVONE BEZZERA PEREIRA 08.761.369/0001-29', 'AVENIDA B - 205	AVENIDA F CONJUNTO ESPERANÇA', '(85) 3298-3120', '60.763-480', 'GLOBAL COSMETICOS 067016324 GLOBAL COSMETICOS', 'FORTALEZA / CE', 'cosmeticsglobal.b@gmail.com'),
(10, '000160-FRANCISCO V. MACARIO ME 20.386.787/0001-89', 'RUA MIGUEL ARAGÃO - 11	BLOCO F LOJA 10 MONDUBIM', '(85) 3296-0921', '60.765-065', 'MACARIO 063346826 MACARIO', 'FORTALEZA / CE', 'espacodoscosmeticos2014@gmail.com'),
(11, '000270-L. L. COMERCIO DE EQUIP. DE SEG. LTDA 15.827.482/0001-25', 'AVENIDA ANTÔNIO FIDELIS - 1534	QD. 62 LT 04 PARQUE AMAZÔNIA', '(62) 98186-0518', '74.840-090', 'L. L. COMERCIO DE EQUIP. 105383279 L. L. COMERCIO DE EQUIP.', 'GOIANIA / GO', 'radiantecosmeticos@hotmail.com'),
(12, '000401-MISBEL COSMÉTICOS LTDA ME 26.942.870/0001-73', 'AVENIDA LIBERDADE - 286	QD 11A LT 01 CONJUNTO RIVIERA', '(62) 3541-1030 / (62) 3542-1803', '74.730-010', 'MISBEL COSMÉTICOS LTDA ME 102372489 MISBEL COSMÉTICOS LTDA ME', 'GOIANIA / GO', 'tiagotakeda@hotmail.com'),
(13, '000499-JANAINA FONTELES DE MENEZES 14.872.593/0001-90', 'RUA ANTONIO MARTINS	- 349 CENTRO', '(85) 99734-3433', '62.250-000', 'JANAINA FONTELES DE MENEZ 065873769 JANAINA FONTELES DE MENEZ', 'IPU / CE', 'janafonteles@hotmail.com'),
(14, '000224-PRISCILA LUCIO PONTES 19.477.143/0001-17', 'RUA CORONEL JOÃO FLORENCIO	- 330 CENTRO', '(84) 99978-6805', '59.324-000', 'PRISCILA LUCIO PONTES 202998002 PRISCILA LUCIO PONTES', 'JARDIM DE PIRANHAS / RN', 'priscila.cosmeticos@hotmail.com'),
(15, '000127-JOSE MORAIS MARTINS GARCIA JUNIOR 26.147.443/0001-01', 'RUA ANA LEAL CORREIA - 15	SALA 01 MANGABEIRA', '(83) 98821-6500', '58.056-190', 'JOSE MORAIS MARTINS GARCI 162803591 JOSE MORAIS MARTINS GARCI', 'JOAO PESSOA / PB', 'mixcosmeticos.pb@ig.com.br'),
(16, '000551-PAULO RICARDO AMANAJÁS CIRILO 005.786.182-06', 'RUA SÃO JOSÉ - 2069	SALA D CENTRAL', '(96) 98134-3434', '68.900-110', 'PAULO RICARDO AMANAJÁS CI 200100 PAULO RICARDO AMANAJÁS CI', 'MACAPA / AP', 'pauloricardo-1993@hotmail.com'),
(17, '000559-CLEIDE CALIXTO CORREA 135.661.992-49', 'AVENIDA GENEBRA - 24	Q19 PLANALTO', '(92) 9999-6658', '69.045-380', 'CLEIDE CALIXTO CORREA 2005482 DROGARIA OLIVEIRA E CASTR', 'MANAUS / AM', '001-	'),
(18, '000108-EVANIRA PEREIRA DE HOLANDA ME 09.184.363/0001-07', 'AV. 5 B	Nº 131 - A CONJ. JEREISSATI II', '(85) 3371-5989', '61.910-480', 'C X E COSMETICOS 063553759 C X E COSMETICOS', 'MARACANAU / CE', 'ce_cosmeticos@hotmail.com'),
(19, '000052-DANIEL PEREIRA ALVES 251.576.391-04', 'RUA DAS BEGÔNIAS	16 QD. 42 LOTE - 16 BELA VISTA TAQUARALT', '(63) 3214-6044 / (63) 98115-8225', '77.060-686', 'DANIEL 2000 DANIEL', 'PALMAS / TO', 'danielpereira2006@hotmail.com'),
(20, '000566-ZANOL E THOMAZ LTDA 28.464.601/0001-74', 'RUA E	QUADRA 47 LOTE 31 Nº - 553 CIDADE NOVA', '(94) 3322-1010 / (94) 99290-8088', '68.456-000', 'ZANOL E THOMAZ PARAUAPEBA 155746626 ZANOL E THOMAZ PARAUAPEBA', 'PARAUAPEBAS / PA', 'netethomazultrapopular@gmail.com'),
(21, '000115-LAERCIO C. LIMA ME 05.675.146/0001-50', 'RUA RIACHUELO - 510	SALA 5 CENTRO', '(86) 3322-4689', '64.200-280', 'LAERCIO C. LIMA ME 194553655 LAERCIO C. LIMA ME', 'PARNAIBA / PI', 's.belaphb@hotmail.com'),
(22, '000572-FMK COMERCIO DE PRODUTOS COSMETICOS LTDA 07.378.612/0001-61', 'RUA DR. LEGENDRE	500 SALA - 6 CENTRO', '(51) 3598-1647', '95.630-000', 'FMK COMERCIO DE PRODUTOS 2410050705 FMK COMERCIO DE PRODUTOS', 'PAROBE / RS', 'brunokaram19@gmail.com'),
(23, '000165-JOSÉ CUNEGUNDES ARAUJO DE BRITO 10.936.693/0001-82', 'RUA LEONCIO WANDERLEY	- 179 CENTRO', '(83) 3423-4400', '58.700-120', 'JOSÉ CUNEGUNDES ARAUJO DE 161619452 JOSÉ CUNEGUNDES ARAUJO DE', 'PATOS / PB', 'maniabeleza@ig.com.br'),
(24, '000384-R. MELO OLIVEIRA COSMETICOS ME 18.936.176/0001-15', 'BR 343 - 149	KM 133 COLIBRI', '(86) 99903-1516', '64.240-000', 'R. MELO OLIVEIRA COSMETIC 195308956 R. MELO OLIVEIRA COSMETIC', 'PIRACURUCA / PI', 'rafaelescorcioadv@gmail.com'),
(25, '000110-ARM IMPORTADORA E EXPORTADORA EIRELI 16.927.259/0001-12', 'RUA AEROPORTO GUARARAPES - 411	SALA B JARDIM AEROPORTO', '(67) 3431-0504', '79.905-402', 'ARM IMPORTADORA E EXPORTA 283842946 ARM IMPORTADORA E EXPORTA', 'PONTA PORA / MS', 'sonora-imp9@hotmail.com'),
(26, '000281-FRANCISCO ERINALDO PINTO 21.216.880/0001-08', 'RUA SERGIO SILVEIRA - 336	APTO 101 CENTRO', '(84) 99635-9677', '58.865-000', 'FRANCISCO ERINALDO PINTO 162410905 FRANCISCO ERINALDO PINTO', 'SAO BENTO / PB', 'erinaldopintosb@gmail.com'),
(27, '000051-ALEXANDRE LEITE FONTOURA 175.370.883-49', 'RUA VINTE E QUATRO - 24	QUADRA 42 COHATRAC IV', '(98) 3238-9884', '65.054-760', 'ALEXANDRE 2000 ALEXANDRE', 'SAO LUIS / MA', 'fontouraleite@yahoo.com.br'),
(28, '000356-S. VIEIRA DE OLIVEIRA ME 03.663.043/0001-45', 'RUA NICARAGUA	- 02 A ANJO DA GUARDA', '(98) 3228-1687', '65.085-238', 'S. VIEIRA DE OLIVEIRA ME 121746860 S. VIEIRA DE OLIVEIRA ME', 'SAO LUIS / MA', 'lindacosmeticos@outlook.com'),
(29, '000057-ODAIR PASTORI 134.815.528-07', 'RUA DO ROCIO - 450	AP 92 C VILA OLÍMPIA', '(11) 98108-5803', '04.552-000', 'ODAIR PASTORI 2001250132 ODAIR PASTORI', 'SAO PAULO / SP', 'opastori@gmail.com'),
(30, '000214-S. M. M. NASCIMENTO ME 03.610.158/0001-71', 'AVENIDA ZEQUINHA FREIRE - 4182	Q E LOTE 07 VALE QUEM TEM', '(86) 98809-3408', '64.057-310', 'S. M. M. NASCIMENTO ME 194450260', 'TERESINA / PI', 'mic.amasrep@hotmail.com'),
(31, '000190-ROZIANE V. S. RODRIGUES ME 07.203.209/0002-82', 'AV. BAIA DOS GOLFINHOS - S/N	FARMACIA VIDAL PRAIA DE PIPA', '(84) 3246-2170', '59.178-000', 'FARMACIA VIDAL 202016412 FARMACIA VIDAL', 'TIBAU DO SUL / RN', 'farmaciasvidalpipa@gmail.com'),
(32, '000514-FABY COSMETICOS LTDA 12.047.661/0001-51', 'AV. JOSÉ BONIFÁCIO - 69	LOJA 03 CENTRO', '(51) 3664-2348', '95.560-000', 'FABY COSMETICOS LTDA 1440101164 FABY COSMETICOS LTDA', 'TORRES / RS', 'loja2@fabycosmeticos.com.br'),
(33, '000310-A. A. FERRO - ME 08.282.678/0001-16', 'RUA PRINCESA ISABEL	- 67 CENTRO', '(91) 3726-1811 / (91) 98384-4464', '68.632-000', 'A. A. FERRO - ME 152556010 A. A. FERRO - ME', 'ULIANOPOLIS / PA', 'susanycosta@hotmail.com'),
(34, '000454-ELIANE TORRES ME 02.113.134/0001-44', 'PCA ANTENOR UCHOA - 100	LOJA 5 BL C CENTRO', '(82) 3281-1265', '57.800-000', 'ELIANE TORRES ME 248391020 ELIANE TORRES ME', 'UNIAO DOS PALMARES / AL', 'brandaorc7@gmail.com'),
(35, '000385-L. M. V. MARRA ME 13.987.184/0001-77', 'AVENIDA NOVA ZELÂNDIA - 02	QUADRA 16 JARDIM IMPERIAL', '(65) 3695-1444 / (65) 99243-2546', '78.158-500', 'L. M. V. MARRA ME 134308336 L. M. V. MARRA ME', 'VARZEA GRANDE / MT', 'adilsonmarra@globo.com'),
(36, '000179-R. N. PEREIRA NETO 23.422.348/0001-72', 'RUA MARLY SARNEY - 450 B CENTRO', '(99) 3538-2246', '65.930-000', 'R. N. PEREIRA NETO 120996880 R. N. PEREIRA NETO', 'ACAILANDIA / MA', 'bazar.band@hotmail.com'),
(37, '000163-A. A. FERREIRA ME 26.024.607/0001-03', 'AV. PEDRO ALVES DE OLIVEIRA - 565 CENTRO', '(88) 99741-0241', '63.560-000', 'A. A. FERREIRA ME 065467795 A. A. FERREIRA ME', 'ACOPIARA / CE', 'geraldo@hotmail.com'),
(38, '000305-J. ANTONIO QUEIROZ EPP 02.219.513/0001-13', 'RUA MARIA NILCE R. MARQUES - 114 CENTRO', '(88) 3565-1042', '63.560-000', 'J. ANTONIO QUEIROZ EPP 069958920 J. ANTONIO QUEIROZ EPP', 'ACOPIARA / CE', 'j.antonioqueiroz@hotmail.com'),
(39, '000294-J. R. BEZERRA ME 07.911.244/0001-75', 'AV. SENADOR JOÃO CAMARA - 393 CENTRO', '(84) 3331-4457', '59.650-000', 'J. R. BEZERRA ME 202048080 J. R. BEZERRA ME', 'ACU / RN', 'sirana.36@hotmail.com'),
(40, '000094-ISAIAS DE SOUZA CABRAL 24.522.104/0001-24', 'RUA FREI MIGUELINHO - 10 CENTRO', '(84) 3331-3866', '59.650-000', 'ISAIAS DE SOUZA CABRAL 201199351 ISAIAS DE SOUZA CABRAL', 'ACU / RN', 'isaiasdesouza.compras@gmail.com'),
(41, '000491-ATACADAO DOS COSMETICOS LTDA ME 29.208.994/0001-18', 'QUADRA 35 LOTE 1 LOJA - 02 JARDIM BRASÍLIA', '(61) 3618-2930', '72.915-051', 'ATACADAO DOS COSMETICOS L 107124912 ATACADAO DOS COSMETICOS L', 'AGUAS LINDAS DE GOIAS / GO', 'atacadaodoscosmeticoss@hotmail.com'),
(42, '000307-A. M. GOMES COMÉRCIO ME 04.739.095/0001-10', 'AVENIDA DJALMA DUTRA - 1748 CENTRO', '(93) 3515-4350', '68.371-163', 'A. M. GOMES COMÉRCIO ME 152215921 A. M. GOMES COMÉRCIO ME', 'ALTAMIRA / PA', 'amgomescomercio@hotmail.com'),
(43, '000212-MORESCHI COSMETICOS LTDA - ME 01.078.054/0001-32', 'AV. PEDRO MANVAILER - 2873 CENTRO', '(67) 3481-3289', '79.990-000', 'MORESCHI COSMETICOS LTDA 282287078 VIEIRA SOARES & CIA LTDA', 'AMAMBAI / MS', 'juliano.m3@hotmail.com'),
(44, '000336-SEMPRE BELLA COSMETICOS EIRELLI EPP 23.198.905/0001-13', 'ARTÉRIA A-5 - 42 ALTOS SALA 02 CIDADE NOVA', '(91) 98435-0888 / (91) 3273-6586', '67.140-570', 'SEMPRE BELLA COSMETICOS E 154984493 SEMPRE BELLA COSMETICOS E', 'ANANINDEUA / PA', 'fernandofilismino@hotmail.com'),
(45, '000344-LUCINALVA ASSUNÇÃO SOUSA 24.665.925/0001-10', 'QUADRA CENTO E QUARENTA NUMERO 24 BOX - 24 MAGUARI', '(91) 98274-2421 / (91) 98028-0666', '67.145-089', 'LUCINALVA ASSUNÇÃO SOUSA 155241508 LUCINALVA ASSUNÇÃO SOUSA', 'ANANINDEUA / PA', 'lucinalvasousa@hotmail.com'),
(46, '000350-R. CRISTINA M DA SILVA 21.000.180/0001-81', 'AVENIDA ZACARIAS DE ASSUNÇÃO - 20 A CENTRO', '(91) 3286-4031 / (91) 98979-9104', '67.030-180', 'YURI DESCARTAVEL 154615692 YURI DESCARTAVEL', 'ANANINDEUA / PA', 'yuridescartavel@hotmail.com'),
(47, '000478-QUEIROZ BESSA E CIA LTDA 08.716.497/0001-50', 'BR 316 KM 01 PASSAGEM SANTA INÊS - N 03 ATALAIA', '(91) 98087-8452', '67.013-550', 'QUEIROZ BESSA E CIA LTDA 152595058 QUEIROZ BESSA E CIA LTDA', 'ANANINDEUA / PA', 'dada.almeida82@gmail.com'),
(48, '000377-RONILCE RABELO EIRELI 30.806.938/0001-64', 'ARTÉRIA A-5 - 42 CIDADE NOVA', '(91) 3273-6586 / (91) 98435-0888', '67.140-570', 'RONILCE RABELO EIRELI 156082292 RONILCE RABELO EIRELI', 'ANANINDEUA / PA', 'ronilcer48@gmail.com'),
(49, '000393-FARMACIA POPULAR DE BELEM LTDA 14.534.212/0003-25', 'RODOVIA BR-316 KM 10 Nº - 1274 CENTRO', '(91) 3352-9400 / (91) 99395-4610', '67.033-000', 'FARMACIA POPULAR DE BELEM 154411078 FARMACIA POPULAR DE BELEM', 'ANANINDEUA / PA', 'farmapop.supervisao@gmail.com'),
(50, '000423-E. REIS & CRUZ COMERICO DE PROD. FARM. 12.288.258/0001-14', 'RODOVIA BR-316 - KM 8 Nº - 1330 CENTRO', '(91) 3255-4753 / (91) 98727-5277', '67.033-000', 'E. REIS & CRUZ COMERICO D 153081210 E. REIS & CRUZ COMERICO D', 'ANANINDEUA / PA', 'droganortebr2017@gmail.com'),
(51, '000427-R. S. COSMETICOS LTDA 28.274.566/0001-20', 'TRAVESSA WE-68 - N 451 CIDADE NOVA', '(91) 99183-9989 / (91) 98839-7444', '67.140-664', 'R. S. COSMETICOS LTDA 155719874 R. S. COSMETICOS LTDA', 'ANANINDEUA / PA', 'ritasilvas@hotmail.com'),
(52, '000430-BARROZO COMERCIO DE COSMETICOS EIRELI ME 21.944.289/0001-77', 'TRAVESSA WE-16 NUMERO 02 LOJA - 5 CIDADE NOVA', '(91) 3295-0914 / (91) 98226-0943', '67.130-440', 'BARROZO COMERCIO DE COSME 154780529 BARROZO COMERCIO DE COSME', 'ANANINDEUA / PA', 'barrozzocosmeticos@gmail.com'),
(53, '000360-GADE DISTRIBUIDORA DE COSMETICOS LTDA 21.605.986/0001-01', 'AVENIDA GRACIANO A. SOUZA - QD 04 - LT17 SETOR BOUGAINVILLE', '(62) 3943-1519', '75.075-580', 'GADE DISTRIBUIDORA DE COS 106218476 GADE DISTRIBUIDORA DE COS', 'ANAPOLIS / GO', 'distribuidoragade@bol.com.br'),
(54, '000487-M. V. TEIXEIRA COMERCIO DE COSMETICOS 22.881.190/0001-36', 'RUA GENERAL JOAQUIM INÁCIO - 186 SETOR CENTRAL', '(62) 3324-2425 / (62) 98240-0037', '75.024-040', 'M. V. TEIXEIRA COMERCIO D 106390929 M. V. TEIXEIRA COMERCIO D', 'ANAPOLIS / GO', 'vipcosmeticosanapolis@uol.com.br'),
(55, '000252-RADIANTE COMERCIO DE COSMETICOS EIRELI 22.266.165/0001-42', 'AVENIDA MATO GROSSO - 539 JUNDIAÍ', '(62) 3098-6166', '75.110-585', 'RADIANTE COMERCIO DE COSM 106291491', 'ANAPOLIS / GO', '001-'),
(56, '000191-A. DE OLIVEIRA DUTRA ME 05.677.382/0001-06', 'RUA VEREADOR JOAQUIM BERNARDO - 71 CENTRO', '(84) 98857-5622', '59.515-000', 'A. D. COSMÉTICOS 200941518 A. D. COSMÉTICOS', 'ANGICOS / RN', 'adcosmeticorn@gmail.com'),
(57, '000217-W. N. COMERCIO LTDA 18.330.513/0001-26', 'RUA JOAO NOGUEIRA - 77 CENTRO', '(84) 3333-3464', '59.700-000', 'W. N. COMERCIO LTDA 202887871 W. N. COMERCIO LTDA', 'APODI / RN', 'wilza-nascimento@bol.com.br'),
(58, '000487-M. V. TEIXEIRA COMERCIO DE COSMETICOS 22.881.190/0001-36', 'RUA GENERAL JOAQUIM INÁCIO - 186 SETOR CENTRAL', '(62) 3324-2425 / (62) 98240-0037', '75.024-040', 'M. V. TEIXEIRA COMERCIO D 106390929 M. V. TEIXEIRA COMERCIO D', 'ANAPOLIS / GO', 'vipcosmeticosanapolis@uol.com.br'),
(59, '000252-RADIANTE COMERCIO DE COSMETICOS EIRELI 22.266.165/0001-42', 'AVENIDA MATO GROSSO - 539 JUNDIAÍ', '(62) 3098-6166', '75.110-585', 'RADIANTE COMERCIO DE COSM 106291491', 'ANAPOLIS / GO', '001-'),
(60, '000191-A. DE OLIVEIRA DUTRA ME 05.677.382/0001-06', 'RUA VEREADOR JOAQUIM BERNARDO - 71 CENTRO', '(84) 98857-5622', '59.515-000', 'A. D. COSMÉTICOS 200941518 A. D. COSMÉTICOS', 'ANGICOS / RN', 'adcosmeticorn@gmail.com'),
(61, '000217-W. N. COMERCIO LTDA 18.330.513/0001-26', 'RUA JOAO NOGUEIRA - 77 CENTRO', '(84) 3333-3464', '59.700-000', 'W. N. COMERCIO LTDA 202887871 W. N. COMERCIO LTDA', 'APODI / RN', 'wilza-nascimento@bol.com.br'),
(62, '000192-COMERCIAL DE COSMETICOS LITORANEA LTDA ME 09.550.106/0001-33', 'RUA CEL ALEXANDRINO - 726 CENTRO', '(88) 3421-3462', '62.800-000', 'COMERCIAL DE COSMETICOS L 063640910 COMERCIAL DE COSMETICOS L', 'ARACATI / CE', 'escritorio.erbm@hotmail.com'),
(63, '000255-VIVA BELLA COMERCIO DE COSMETICOS LTDA 14.010.872/0001-45', 'RUA DAS MANGUEIRAS - 1408 SETOR CENTRAL', '(63) 3412-4480', '77.805-110', 'VIVA BELLA COMERCIO DE CO 294329790 VIVA BELLA COMERCIO DE CO', 'ARAGUAINA / TO', 'vivabeladiretoria@hotmail.com'),
(64, '000318-E. C. RODRIGUES E CIA LTDA ME 14.010.900/0001-24', 'AVENIDA CÔNEGO JOÃO LIMA - 2381 SETOR CENTRAL', '(63) 3415-4109', '77.804-010', 'E. C. RODRIGUES E CIA LTD 294329773 E. C. RODRIGUES E CIA LTD', 'ARAGUAINA / TO', 'vivabelladiretoria@hotmail.com'),
(65, '000319-BELA COSMETICOS PERFUMARIA EIRELI ME 13.987.566/0001-09', 'AV. PREF. JOÃO DE SOSUSA LIMA - 909 SÃO JOÃO', '(63) 3412-3850', '77.804-160', 'VIVA BELA ARAGUAINA 294329641 P. H. PORTES DE MELO', 'ARAGUAINA / TO', 'vivabelladiretoria@hotmail.com'),
(66, '000320-D. F. DE OLIVEIRA COSTA 13.687.170/0001-38', 'RUA BELA CICÍLIA - 151 LOTEAMENTO PANORAMA', '(63) 3421-4638', '77.824-110', 'D. F. DE OLIVEIRA COSTA 294319794 D. F. DE OLIVEIRA COSTA', 'ARAGUAINA / TO', 'dinalvafrancooliveir@gmail.com'),
(67, '000437-N. L. MECENAS CRUZ COSMETICOS 05.453.698/0001-14', 'AVENIDA PRIMEIRO DE JANEIRO - 2730 SETOR CENTRAL', '(63) 3412-8478', '77.803-140', 'N. L. MECENAS CRUZ COSMET 293413320 N. L. MECENAS CRUZ COSMET', 'ARAGUAINA / TO', 'lumecenas@hotmail.com'),
(68, '000450-JULIANA SAMILLA DOS SANTOS 20.716.514/0001-55', 'PRAÇA MANOEL ANDRÉ - 134 CENTRO', '(82) 99661-2020', '57.300-005', 'INOVE COSMETICOS 244105332 QUEIROZ E SILVA LTDA', 'ARAPIRACA / AL', 'inovecosmeticos12@hotmail.com'),
(69, '000523-TELMA R. F. COIMBRA MAG ME 24.387.573/0001-88', 'AVENIDA CORONEL ANTÔNIO JAPIASSU - 527 CENTRO', '(87) 3822-1084 / (87) 99626-0076', '56.506-100', 'TELMA R. F. COIMBRA MAG M 022657029 TELMA R. F. COIMBRA MAG M', 'ARCOVERDE / PE', 'atacadaocurityba@hotmail.com'),
(70, '000554-JOSE WILSON LUANA PEREIRA ME 02.991.854/0001-02', 'AV. SANTOS DUMONT - 44 CENTRO', '(88) 99928-5787', '63.360-000', 'JOSE WILSON LUANA PEREIRA 062778315 JOSE WILSON LUANA PEREIRA', 'AURORA / CE', 'adrianasousa_paula@hotmail.com'),
(71, '000463-LAURA ROSA DE SOUSA VIEIRA 12.037.062/0001-57', 'RUA SARGENTO MAURICIO - 11 AREIA', '(99) 98125-4024 / (98) 99964-4845', '65.700-000', 'LAURA ROSA DE SOUSA VIEIR 123341574 LAURA ROSA DE SOUSA VIEIR', 'BACABAL / MA', 'fontouraleite@yahoo.com.br'),
(72, '000239-M. SELMA ARAUJO 05.439.554/0001-03', 'RUA 07 CASA - 65 SANTOS DUMONT', '(99) 3621-6491', '65.700-000', 'M. SELMA ARAUJO 122045130 M. SELMA ARAUJO', 'BACABAL / MA', 'limajunior768@gmail.com'),
(73, '000197-D. RAYANNE DE MOARAIS ROCHA ME 09.633.528/0001-72', 'RUA BENEDITO LEITE - 413A CENTRO', '(99) 3621-0364', '65.700-000', 'D. RAYANNE DE MOARAIS ROC 122873475 D. RAYANNE DE MOARAIS ROC', 'BACABAL / MA', 'lojaodoscosmeticos@hotmail.com'),
(74, '000104-I. C. ANDRADE COM. ME 06.159.138/0002-03', 'R. PADRE FRANCO - 607 CENTRO', '(99) 3541-7154', '65.800-000', 'I. C. ANDRADE COM. ME 125176791 I. C. ANDRADE COM. ME', 'BALSAS / MA', 'ilza-andrade@hotmail.com'),
(75, '000251-JUAN LEVI BANTIN SOARES EPP 24.231.097/0001-01', 'RUA 7 DE SETEMBRO - 40 CENTRO', '(88) 3532-0219 / (88) 99656-2718', '63.180-000', 'BUGATTI COSMÉTICOS 064908461 BUGATTI COSMÉTICOS', 'BARBALHA / CE', 'bugatticosmeticos@hotmail.com'),
(76, '000166-CLEUSON COMERCIO E REP. LTADA ME 02.747.571/0001-10', 'RUA COELHO NETO - 462 CENTRO', '(99) 3643-0171', '65.950-000', 'CLEUSON COMERCIO E REP. L 122254287 CLEUSON COMERCIO E REP. L', 'BARRA DO CORDA / MA', 'cleusonrep@hotmail.com'),
(77, '000328-REDE DOS COSMETICOS LTDA 09.636.058/0001-09', 'AV. MINISTRO JOÃO ALBERTO - 376 CENTRO', '(66) 3401-4135', '78.600-000', 'REDE DOS COSMETICOS LTDA 133568881 REDE DOS COSMETICOS LTDA', 'BARRA DO GARCAS / MT', 'rededocosmetico@hotmail.com'),
(78, '000329-REDE DOS COSMETICOS LTDA 09.636.058/0002-81', 'RUA QUINZE DE NOVEMBRO - 1084 CENTRO', '(66) 3401-7164', '78.600-000', 'REDE DOS COSMETICOS LTDA 135731658 REDE DOS COSMETICOS LTDA', 'BARRA DO GARCAS / MT', 'rededocosmetico@hotmail.com'),
(79, '000441-MAURICIO DE CARVALHO FONTENELE 17.795.891/0001-12', 'RUA 11 DE MAIO – 731 CENTRO - 731 CENTRO', '', '62.410-000', 'MAURICIO DE CARVALHO FONT 065088271 MAURICIO DE CARVALHO FONT', 'BARROQUINHA / CE', 'farmaciafontenele@hotmail.com'),
(80, '000278-MERCANTIL SANTA LUZIA 02.751.499/0001-02', 'RUA 15 DE NOVEMBRO - 715 CENTRO', '(88) 99789-7739', '62.760-000', 'MERCANTIL SANTA LUZIA 060161779 MERCANTIL SANTA LUZIA', 'BATURITE / CE', 'smorettirepresentacoes@gmail.com'),
(81, '000322-TECFAG COMÉRCIO E IMPORTAÇÃO DE MAQ. 14.050.364/0001-90', 'RUA JOÃO BAPTISTA GARCIA FILHO - 1-75 JARDIM CONTORNO', '(14) 99784-6190', '17.047-245', 'TECFAG COMÉRCIO E IMPORTA 209556981117 TECFAG COMÉRCIO E IMPORTA', 'BAURU / SP', 'tecfag@hotmail.com'),
(82, '000493-REGINA MARTA ROCHA 261.470.988-37', 'RUA SAO VICENTE - 570 CENTRO', '(88) 99710-9430', '62.000-570', 'REGINA MARTA ROCHA 200100021', 'BELA CRUZ / CE', '001-'),
(83, '000498-EMPORIO DA BELEZA COMERCIO 04.599.235/0001-00', 'RUA ONZE DE JANEIRO - 70 CENTRO', '(88) 3663-1736 / (88) 99956-4922', '62.560-000', 'EMPORIO DA BELEZA COMERCI 063143763 EMPORIO DA BELEZA COMERCI', 'BELA CRUZ / CE', 'veronicacardosobc@hotmail.com'),
(84, '000502-CLIPPERGÁS COMERCIAL LTDA 01.440.136/0002-66', 'AVENIDA BERNARDO SAYÃO - 1748 LOJA 02 JURUNAS', '(91) 98821-7070', '66.030-120', 'CLIPPERGÁS COMERCIAL LTDA 151928070 CLIPPERGÁS COMERCIAL LTDA', '', 'britojuniorge@gmail.com'),
(85, '000503-LIDER COMERCIO E INDUSTRIA LTDA 05.054.671/0015-54', 'RODOVIA AUGUSTO MONTENEGRO - KM 8', '(91) 4008-1378', '66.833-000', 'LIDER COMERCIO E INDUSTRI 151864527 LIDER COMERCIO E INDUSTRI', 'BELEM / PA', 'nfe@lidernet.com.br'),
(86, '000519-R. S. COSMETICOS LTDA ME 28.274.566/0002-01', 'AVENIDA PRESIDENTE VARGAS - 197 CAMPINA', '(91) 99183-9989 / (91) 98839-7444', '66.010-000', 'R. S. COSMETICOS LTDA ME 155905686 R. S. COSMETICOS LTDA ME', 'BELEM / PA', 'ritasilvas@hotmail.com'),
(87, '000438-FARMACIA POPULAR DE BELEM LTDA EPP 14.534.212/0008-30', 'AVENIDA SENADOR LEMOS - 3034 SACRAMENTA', '(91) 3352-9400 / (91) 99395-4610', '66.120-000', 'FARMACIA POPULAR DE BELEM 155564501 FARMACIA POPULAR DE BELEM', 'BELEM / PA', 'farmapop.supervisao@gmail.com'),
(88, '000458-FORMOSA SUPERMERCADOS E MAGAZINE 63.864.771/0016-23', 'RODOVIA AUGUSTO MONTENEGRO - KM 07 PARQUE VERDE', '(91) 3348-9981', '66.635-110', 'FORMOSA SUPERMERCADOS E M 154633658 FORMOSA SUPERMERCADOS E M', 'BELEM / PA', 'brunaaltmann@formosanet.com.br'),
(89, '000433-MARAJOARA RIO GUAMA LTDA 19.959.789/0001-30', 'TRAVESSA VILETA - 2820 MARCO', '(91) 3228-2180 / (91) 98416-4342', '66.095-346', 'MARAJOARA RIO GUAMA LTDA 154439789 MARAJOARA RIO GUAMA LTDA', 'BELEM / PA', 'bellamaxdelivery@gmail.com'),
(90, '000550-OLIVEIRA & OZIRES COMERCIO LTDA 22.027.162/0001-56', 'AVENIDA DAMASCO - 7 CABANAGEM', '(91) 98039-0033', '66.625-650', 'OLIVEIRA & OZIRES COMERCI 154795020 OLIVEIRA & OZIRES COMERCI', 'BELEM / PA', 'linda.380@hotmail.com'),
(91, '000346-BARROSO E NUNES COM. DE PROD. FARM. LTDA 17.956.040/0001-04', 'RUA BETÂNIA - 563 BENGUI', '(91) 3117-3555 / (91) 98232-6937', '66.630-140', 'BARROSO E NUNES COM. DE P 154066249 BARROSO E NUNES COM. DE P', 'BELEM / PA', 'kaka_barroso@yahoo.com.br'),
(92, '000290-K. L. DONDOCA COMÉRCIO DE COSMÉTICOS EIRELI 25.004.932/0001-33', 'TRAVESSA CRISTÓVÃO COLOMBO - 400 CRUZEIRO (ICOARACI)', '(91) 98236-5572', '66.810-000', 'K. L. DONDOCA COMÉRCIO DE 155284401 K. L. DONDOCA COMÉRCIO DE', 'BELEM / PA', 'dondokacosmeticos@hotmail.com'),
(93, '000267-NOBREGA E SOBREIRA LTDA 07.633.912/0001-40', 'RUA SENADOR MANOEL BARATA - 718 CAMPINA', '(91) 3230-1498', '66.010-145', 'NOBREGA E SOBREIRA LTDA 152492844 NOBREGA E SOBREIRA LTDA', 'BELEM / PA', 'lothus.belem@gmail.com'),
(94, '000215-S. E. DE MENEZES COMERCIO DE COSMETICOS LTDA 21.128.578/0001-06', 'AVENIDA PEDRO MIRANDA - 1240 PEDREIRA', '(91) 3244-2365 / (91) 3015-7575', '66.085-022', 'S. E. DE MENEZES COMERCIO 154637440 S. E. DE MENEZES COMERCIO', 'BELEM / PA', 'bellabia.bellabia@yahoo.com.br'),
(95, '000216-M. J. DE ARAUJO MACEDO EIRELI 04.290.624/0001-41', 'RODOVIA AUGUSTO MONTENEGRO - 198 PARQUE VERDE', '(91) 3231-6754 / (91) 98887-1110', '66.635-110', 'M. J. DE ARAUJO MACEDO EI 154895644 M. J. DE ARAUJO MACEDO EI', 'BELEM / PA', 'docavendas@cosmetikaonline.com.br'),
(96, '000558-JONATHAS M. MACIEL 039.895.979-06', 'RUA RODOLFO HOLLENWEGER - 627 GARCIA', '(47) 99905-2504', '89.022-370', 'JONATHAS M. MACIEL 20110025 JONATHAS M. MACIEL', 'BLUMENAU / SC', 'bellcare.cosmeticos@yahoo.com.br'),
(97, '000415-DROGARIA TOCANTINS LTDA 84.049.261/0001-96', 'AVENIDA SANTOS DUMONT - 1398 SÃO PEDRO', '(95) 99125-2440 / (95) 99158-0588', '69.306-680', 'DROGARIA TOCANTINS 240042104 DROGARIA TOCANTINS', 'BOA VISTA / RR', 'drogariatocantins@hotmail.com'),
(98, '000240-BELEZA COSMETICOS E DISTRIBUDORA LTDA 11.550.542/0001-54', 'AVENIDA BRIGADEIRO EDUARDO GOMES - 3611A MECEJANA', '(95) 99111-1739', '69.304-015', 'BELEZA COSMETICOS E DISTR 240177010 BELEZA COSMETICOS E DISTR', 'BOA VISTA / RR', 'monicalopeslopes@hotmail.com'),
(99, '000304-LOPES E SOUZA LTDA ME 07.913.392/0001-29', 'AVENIDA VILLE ROY - 1544 CAÇARI', '(95) 99111-1739', '69.307-725', 'LOPES E SOUZA LTDA ME 240132531 LOPES E SOUZA LTDA ME', 'BOA VISTA / RR', 'monicalopeslopes@hotmail.com'),
(100, '000333-VAL REPRESENTAÇÕES LTDA 02.323.671/0001-19', 'QUADRA QSD 14 - CASA3 TAGUATINGA SUL (TAGU', '(61) 3536-1759 / (61) 98154-3617', '72.020-140', 'VAL REPRESENTAÇÕES LTDA 0767527600178 VAL REPRESENTAÇÕES LTDA', 'BRASILIA / DF', 'valrepresentacao@gmail.com'),
(101, '000392-N. T. ESTETICA E CONFECÇÕES LTDA 18.269.261/0001-77', 'CONDOMÍNIO MORADA DA SERRA LOTE 01 E LOJA 01 - S/N SOBRADINHO', '(61) 3485-9838 / (61) 98241-6657', '73.080-180', 'N. T. ESTETICA E CONFECÇÕ 0764612900143 N. T. ESTETICA E CONFECÇÕ', 'BRASILIA / DF', 'safiradistribuidoracompras1@hotmail.com'),
(102, '000403-BANDEIRA & BANDEIRA COSMETICOS LTDA 10.234.597/0001-92', 'QUADRA QR 217 CONJUNTO B LOTE - 8 SANTA MARIA', '(61) 3395-2324', '72.547-502', 'BANDEIRA & BANDEIRA COSME 0750753900107 BANDEIRA & BANDEIRA COSME', 'BRASILIA / DF', 'valrepresentacao@gmail.com'),
(103, '000410-GONZAGA E SILVA LTDA 33.491.028/0001-28', 'QUADRA QNP 20 CONJUNTO L - LOTE - 23 CEILÂNDIA SUL (CEILÂ', '(61) 3376-1157', '72.233-012', 'GONZAGA E SILVA LTDA 0732989000128 GONZAGA E SILVA LTDA', 'BRASILIA / DF', 'gonzagasilva@hotmail.com'),
(104, '000411-DANIEL ALBUQUERQUE FERNANDES 12.782.539/0002-00', 'QUADRA QE 4 CONJUNTO F LOTE - 175 GUARÁ I', '(61) 3351-3490', '71.010-063', 'DANIEL ALBUQUERQUE FERNAN 0755696200254 DANIEL ALBUQUERQUE FERNAN', 'BRASILIA / DF', 'bellapeleperfumaria@hotmail.com'),
(105, '000412-LUIZA AURISTER OLIVEIRA TORREZ PERFUMARIA 07.259.437/0001-93', 'QUADRA CNM 1 BLOCO K - LOJA - 01 CEILÂNDIA CENTRO (CE', '(61) 3371-0714 / (61) 3047-3610', '72.215-511', 'LUIZA AURISTER OLIVEIRA T 0746438000113 LUIZA AURISTER OLIVEIRA T', 'BRASILIA / DF', 'bellapeleperfumaria@hotmail.com'),
(106, '000413-MARIA FERREIRA CUNHA ME 04.379.602/0001-52', 'QUADRA C 12 BLOCO M LOJA - 6 TAGUATINGA CENTRO (T', '(61) 3561-3096 / (61) 3047-3610', '72.010-120', 'MARIA FERREIRA CUNHA ME 0742119300109 MARIA FERREIRA CUNHA ME', 'BRASILIA / DF', 'bellapeleperfumaria@hotmail.com'),
(107, '000414-M. I. DE LIMA ME 12.523.179/0001-40', 'AVENIDA RECANTO QUADRA 203 LOTE - 04 RECANTO DAS EMAS', '(61) 3045-3737 / (61) 3047-3610', '72.610-321', 'M. I. DE LIMA ME 0754890200134 M. I. DE LIMA ME', 'BRASILIA / DF', 'bellapeleperfumaria@hotmail.com'),
(108, '000362-JOSEFA VALDENICE DE SOUSA 236.842.084-34', 'QUADRA QSD 14 - CASA3 TAGUATINGA SUL (TAGU', '(61) 98642-0462', '72.020-140', 'VALDENICE 200100251 VALDENICE', 'BRASILIA / DF', 'valrepresentacao@gmail.com'),
(109, '000364-COMERCIAL EMI DE BRINQUEDOS E ARMARINHOS LTDA06.298.795/0001-42', 'QUADRA 9 LOTE - 20 SETOR OESTE (GAMA)', '(61) 99909-0097', '72.425-090', 'COMERCIAL EMI DE BRINQUED 0764758100150 COMERCIAL EMI DE BRINQUED', 'BRASILIA / DF', 'megapresentes@gmail.com'),
(110, '000370-PAPER E BAG COMERCIO VAREJISTA 20.308.304/0001-28', 'QUADRA CNM 1 BLOCO A LOJA - 06 CEILÂNDIA CENTRO (CE', '(61) 3371-1762', '72.215-501', 'IMPERIO DAS MAQUIAGENS 0768205300182 IMPERIO DAS MAQUIAGENS', 'BRASILIA / DF', 'imperio.maquiagens@gmail.com'),
(111, '000456-ROYALLE COSMETICOS LTDA ME 04.676.181/0001-21', 'SHC/SUL CL QD 212 BL B LJ 26 TERREO - . ASA SUL', '(61) 3346-4750', '70.300-520', 'ROYALLE COSMETICOS LTDA M 0742649100131 ROYALLE COSMETICOS LTDA M', 'BRASILIA / DF', 'valrepresentacao@gmail.com'),
(112, '000505-DROGARIA SUELEN LTDA 03.142.691/0001-56', 'PLATAFORMA RODOVIÁRIA PLANO PILOTO MESANINO - LJ04 PLANO PILOTO', '(61) 3354-9084', '70.089-900', 'DROGARIA SUELEN LTDA 0739615000134 DROGARIA SUELEN LTDA', 'BRASILIA / DF', 'emporio.financeiro2@gmail.com'),
(113, '000484-PODEROSA PERFUMARIA E COSMETICAS ME 19.051.780/0001-27', 'AVENIDA CENTRAL COMERCIO LOTE - 578 NÚCLEO BANDEIRANTE', '(61) 3552-3471', '71.720-520', 'PODEROSA PERFUMARIA E COS 0765999500138 PODEROSA PERFUMARIA E COS', 'BRASILIA / DF', 'bellapeleperfumaria@hotmail.com'),
(114, '000485-NUTRIPELE PRODUTOS DE BELEZA LTDA 26.471.276/0001-41', 'AVENIDA CENTRAL LOTE - 286 NÚCLEO BANDEIRANTE', '(61) 3552-3471', '71.710-030', 'BELLA PELE 0731656600106 BELLA PELE', 'BRASILIA / DF', 'bellapeleperfumaria@hotmail.com'),
(115, '000486-RICARD MATUSITA KAITALO E CIA LTDA ME 09.033.070/0001-10', 'QE 40 RUA 22 LOTE - 14 GUARÁ II', '(61) 3386-0045 / (61) 99967-9974', '71.070-522', 'KIREY ACESSORIOS 0749213500199 KIREY ACESSORIOS', 'BRASILIA / DF', 'lojakirey@gmail.com'),
(116, '000548-WR COMERCIO DE COSMETICOS EIRELI 15.813.427/0001-86', 'QUADRA QNP 14 CONJUNTO D LOTE 20 LOJA - 01 CEILÂNDIA SUL (CEILÂ', '(61) 3965-4501 / (61) 98489-2720', '72.231-404', 'JK DISTRIBUIDORA 0773364100168 JK DISTRIBUIDORA', 'BRASILIA / DF', 'jkatacadistadecosmeticos@hotmail.com'),
(117, '000536-COOBEL BELEZA E SAUDE LTDA 02.464.179/0001-63', 'QUADRA QNB 2 LOTE - 5 TAGUATINGA NORTE (TA', '(61) 3562-9800', '72.115-020', 'COOBEL BELEZA E SAUDE LTD 0763451000180 COOBEL BELEZA E SAUDE LTD', 'BRASILIA / DF', 'ifobeleza@yahoo.com.br'),
(118, '000537-JOANA D. DA SILVA COSMETICOS ME 19.938.872/0001-23', 'RUA 48 LOTE 160 LOJA - 09 SÃO SEBASTIÃO', '(61) 3013-2159 / (61) 99191-1524', '71.651-010', 'JOANA D. DA SILVA COSMETI 0767644400124 JOANA D. DA SILVA COSMETI', 'BRASILIA / DF', 'orlandopbasto@yahoo.com.br'),
(119, '000574-BIBIANA NOGUEIRA DA SILVA ME 27.051.003/0001-00', 'QUADRA QNL 12 CONJUNTO A LOTE - 09 TAGUATINGA NORTE (TA', '(61) 99640-6050', '72.156-201', 'BIBIANA NOGUEIRA DA SILVA 0779903500190 BIBIANA NOGUEIRA DA SILVA', 'BRASILIA / DF', 'glossadm@outlook.com'),
(120, '000570-E. L. DOS SANTOS COSMETICOS 05.843.465/0001-28', 'RUA ANTONIO DENGUINHO DE SANTANA - 204 CENTRO', '(88) 3531-1197', '63.260-000', 'E. L. DOS SANTOS COSMETIC 066856418 E. L. DOS SANTOS COSMETIC', 'BREJO SANTO / CE', 'jailmadazzle@hotmail.com'),
(121, '000167-BEZERRA E NOVAES EMPREENDIMENTOS LTDA ME 12.574.464/0001-90', 'RUA PADRE VIANA - 183 CENTRO', '(88) 3531-1367', '63.260-000', 'BEZERRA E NOVAES EMPREEND 064106535 BEZERRA E NOVAES EMPREEND', 'BREJO SANTO / CE', 'ju.novaes@hotmail.com'),
(122, '000492-MARIA FABIANA MACHADO DA SILVA 28.643.973/0001-68', 'RUA ZEZITA SAMPAIO - 47 CENTRO', '(86) 99404-6104', '64.230-000', 'MARIA FABIANA MACHADO DA 196073405 MARIA FABIANA MACHADO DA', 'BURITI DOS LOPES / PI', 'mic.amasrep@hotmail.com'),
(123, '000097-E. F. CESÁRIO 11.416.924/0001-90', 'AV. DAVI ALVES SILVA - 1032 CENTRO', '(98) 98203-5181', '65.393-000', 'E. F. CESÁRIO 123244200 E. F. CESÁRIO', 'BURITICUPU / MA', 'alicehta833@gmail.com'),
(124, '000338-IDEAL COMERCIO DE BIJUTERIAS E COSM. LTDA 07.435.640/0001-73', 'AVENIDA SETE DE SETEMBRO - 2075 PRINCESA ISABEL', '(69) 3441-4984', '76.964-006', 'IDEAL COMERCIO DE BIJUTER 00000001373773 IDEAL COMERCIO DE BIJUTER', 'CACOAL / RO', 'idealcosmeticos@hotmail.com'),
(125, '000223-L. M. SANTOS DE LIMA 24.637.404/0001-59', 'RUA RENATO DANTAS - 869 B CENTRO', '(83) 99926-9444', '59.300-000', 'L. M. SANTOS DE LIMA 204487927 L. M. SANTOS DE LIMA', 'CAICO / RN', 'maniabelezacaico@gmail.com'),
(126, '000093-DANIEL VIEIRA CABRAL ME 15.311.105/0001-39', 'RUA AUGUSTO MONTEIRO - 751 CENTRO', '(84) 3417-2256', '59.300-000', 'DANIEL VIEIRA CABRAL ME 202673936 DANIEL VIEIRA CABRAL ME', 'CAICO / RN', 'spacobeleza_adm@hotmail.com'),
(127, '000184-GERALDO ANDRE FERNANDES 026.472.214-05', 'RUA PATRICIO DE BARRO - 192 CENTRO', '(83) 3531-4001', '58.900-000', 'GERALDO ANDRE FERNANDES 2001000211 GERALDO ANDRE FERNANDES', 'CAJAZEIRAS / PB', 'geraldo.andrade@netlinepb.com.br'),
(128, '000334-IVANY RODRIGUES DE SOUZA 20.850.003/0001-21', 'RUA SEBASTIAO BANDEIRA DE MELO - 200 CENTRO', '(83) 99124-9692', '58.900-000', 'IVANY RODRIGUES DE SOUZA 162378122 IVANY RODRIGUES DE SOUZA', 'CAJAZEIRAS / PB', 'maisbeleza2014@hotmail.com'),
(129, '000394-CENTER BELLA COMERCIO EIRELI ME 26.979.527/0001-01', 'R. EPIFANIIO SOBREIRA - 33 CENTRO', '(83) 3531-4001 / (83) 99168-1164', '58.900-000', 'CENTER BELLA COMERCIO EIR 162880065 CENTER BELLA COMERCIO EIR', 'CAJAZEIRAS / PB', 'center_bella@hotmail.com'),
(130, '000431-IVALDO ALVES DE FREITAS 07.070.028/0001-44', 'RUA ENGENHEIRO CARLOS PIRES DE SÁ - 323 CENTRO', '(83) 3531-1596', '58.900-000', 'IVALDO ALVES DE FREITAS 161435947 IVALDO ALVES DE FREITAS', 'CAJAZEIRAS / PB', 'encantoecharmecosmeticos@hotmail.com'),
(131, '000507-A. QUARESMA CARDOSO 03.813.139/0001-42', 'PRAÇA DO TREVO - S/N SANTA MARIA', '(91) 3781-3030', '68.400-000', 'A. QUARESMA CARDOSO 152109218 A. QUARESMA CARDOSO', 'CAMETA / PA', 'bigfarma@hotmail.com'),
(132, '000459-S. Q. CARDOSO 05.396.915/0001-81', 'TV. DOM ROMUALDO DE SEIXAS - S/N CENTRO', '(91) 3781-3030', '68.400-000', 'S. Q. CARDOSO 152285580 S. Q. CARDOSO', 'CAMETA / PA', 'bigfarma@hotmail.com'),
(133, '000533-F. FROTA FILHO 03.393.321/0001-91', 'RUA 24 DE MAIO - 1694 CENTRO', '(85) 3621-0650', '62.400-000', 'F. FROTA FILHO 062867415 F. FROTA FILHO', 'CAMOCIM / CE', 'nilofrotamengo@gmail.com'),
(134, '000291-M. A. MENESCAL FONTENELE 02.716.596/0001-56', 'RUA 24 DE MAIO - 722 CENTRO', '(88) 3621-1465', '62.400-000', 'M. A. MENESCAL FONTENELE 062705830 M. A. MENESCAL FONTENELE', 'CAMOCIM / CE', 'nossalojacamocim@gmail.com'),
(135, '000396-NELFARMA COMÉRCIO DE PRODUTOS QUIMICOS 70.097.530/0008-51', 'RUA MARQUÊS DO HERVAL - 36 CENTRO', '(83) 3310-6047', '58.400-087', 'NELFARMA COMÉRCIO DE PROD 161462715 NELFARMA COMÉRCIO DE PROD', 'CAMPINA GRANDE / PB', 'vanuziamirandar15@hotmail.com'),
(136, '000383-LEANDRA LEAL DE SOUSA 13.621.092/0001-79', 'RUA CRISTINA PROCÓPIO SILVA - 750 CATOLÉ', '(83) 99607-0963', '58.410-255', 'LEANDRA LEAL DE SOUSA 161827446 LEANDRA LEAL DE SOUSA', 'CAMPINA GRANDE / PB', 'alessandrolleal@hotmail.com'),
(137, '000520-DÉBORA LUCIANA L. MARTINS TRINDADE ME 12.416.882/0001-50', 'RUA BOQUEIRÃO - 3216 ESTÂNCIA VELHA', '(51) 3428-3251', '92.032-420', 'ESPAÇO DA BELEZA 0240505271 ESPAÇO DA BELEZA', 'CANOAS / RS', 'contato@espacobelezadmartins.com.br'),
(138, '000331-S. M. DE PAULA REBOUÇAS 11.073.461/0001-00', 'AV. PADRE VALDEVINO NOGUEIRA - 2265 CENTRO', '(85) 3334-2669', '62.850-000', 'S. M. DE PAULA REBOUÇAS 063835746 S. M. DE PAULA REBOUÇAS', 'CASCAVEL / CE', 'smprsonia@hotmail.com'),
(139, '000285-ANDRÉ LUIZ SANTOS MONTEIRO NOBRE ME 24.062.271/0001-30', 'RUA DR. PEDRO DE QUEIROZ FERREIRA - 2198 CENTRO', '(85) 3371-7381', '62.850-000', 'ANDRÉ LUIZ SANTOS MONTEIR 064842134 ANDRÉ LUIZ SANTOS MONTEIR', 'CASCAVEL / CE', 'smorettirepresentacoes@gmail.com'),
(140, '000261-JB DISTRIBUIÇÃO E ATACADO LTDA 22.076.569/0001-73', 'ALAMEDA LIBERAL - 149 A CRISTO REDENTOR', '(91) 3712-0090', '68.742-810', 'JB DISTRIBUIÇÃO E ATACADO 154802956 JB DISTRIBUIÇÃO E ATACADO', 'CASTANHAL / PA', 'jb@jbdistribuicao.com'),
(141, '000324-FRANCISCO CAMELO NETO 590.854.602-04', 'RUA MARCOS FREIRE - 7 ESTRELA', '(91) 98864-8702', '68.743-290', 'FRANCISCO CAMELO NETO 20015846 FRANCISCO CAMELO NETO', 'CASTANHAL / PA', 'fcameloneto@gmail.com'),
(142, '000348-ANTONIA GLAILZA DE LIMA OHASHI 661.216.632-00', 'RUA MONSENHOR JOSÉ MARIA DO LAGO - 807 CRISTO REDENTOR', '(91) 99978-4825', '68.742-530', 'ANTONIA GLAILZA DE LIMA O 200120025', 'CASTANHAL / PA', '001-'),
(143, '000351-R. C. DE SOUZA COM. E DIST. DE MED. E PERFUMARIA 26.929.702/0001-48', 'TRAVESSA BENJAMIN CONSTANT - 539 CAIÇARA', '(91) 99146-5945', '68.743-422', 'R. C. DE SOUZA COM. E DIS 155501399 R. C. DE SOUZA COM. E DIS', 'CASTANHAL / PA', 'parafarma_castanhal@yahoo.com'),
(144, '000365-CASTANHAL COM. IMP. EXP. PROD. ALIM 08.866.313/0001-39', 'TRAVESSA BENJAMIN CONSTANT - 1847 CAIÇARA', '(91) 3721-1736', '68.743-422', 'CASTANHAL COM. IMP. EXP. 152611495 CASTANHAL COM. IMP. EXP.', 'CASTANHAL / PA', 'meioameio@cestabasica.com.br'),
(145, '000432-DROGARIA KEILA LTDA 05.668.616/0001-59', 'AVENIDA BARÃO DO RIO BRANCO - 2294 CENTRO', '(91) 3721-4444 / (91) 99621-0500', '68.743-050', 'DROGARIA KEILA LTDA 152310142 DROGARIA KEILA LTDA', 'CASTANHAL / PA', 'faturamento@drogariakeila.com.br'),
(146, '000422-L. MARIA DE SOUSA LOBO 28.582.297/0001-60', 'AV. MAXIMINO PORPINO DA SILVA - 1793 CENTRO', '(91) 3295-0914', '68.743-000', 'L. MARIA DE SOUSA LOBO 155765132 L. MARIA DE SOUSA LOBO', 'CASTANHAL / PA', 'barrozzocosmeticos@gmail.com'),
(147, '000429-OLIVIA M. P. TORRES ME 18.861.622/0001-70', 'AVENIDA MAXIMINO PORPINO DA SILVA - 1538 CENTRO', '(91) 3711-8530', '68.743-000', 'OLIVIA M. P. TORRES ME 154231126 OLIVIA M. P. TORRES ME', 'CASTANHAL / PA', 'esmalteriananda@gmail.com'),
(148, '000424-NOVATA EIRELI ME 27.315.529/0001-50', 'AVENIDA MARECHAL RONDOM - 2736 CENTRO', '(91) 3721-1000 / (91) 98848-5779', '68.743-050', 'NOVATA EIRELI ME 155565680 NOVATA EIRELI ME', 'CASTANHAL / PA', 'vitalcosmeticos@hotmail.com'),
(149, '000425-NOVATA COM. DE COSMETICOS LTDA ME 07.902.432/0001-37', 'AVENIDA BARÃO DO RIO BRANCO - 2874 CENTRO', '(91) 3721-1000 / (91) 98848-5779', '68.743-050', 'NOVATA COM. DE COSMETICOS 152520899 NOVATA COM. DE COSMETICOS', 'CASTANHAL / PA', 'vitalcosmeticos@hotmail.com'),
(150, '000321-TANIA FREITAS DE ALENCAR 19.175.038/0001-23', 'PRAÇA JERONIMO ROSADO - 17 CENTRO', '(83) 99634-5504', '58.884-000', 'TANIA FREITAS DE ALENCAR 162225709 TANIA FREITAS DE ALENCAR', 'CATOLE DO ROCHA / PB', 'semprelindacosmeticos1@gmail.com'),
(151, '000023-ANA PATRICIA DA SILVA ARAUJO 13.783.823/0001-82', 'AVENIDA DOM ALMEIDA LUSTOSA - 2905 MARECHAL RONDON (JUR', '(85) 98708-3893', '61.652-000', 'ANA PATRICIA DA SILVA ARA 065629841 ANA PATRICIA DA SILVA ARA', 'CAUCAIA / CE', 'patricia-dasilva38@hotmail.com'),
(152, '000210-MARCIA PRODUTOS PROFISSIONAIS LTDA ME 09.021.365/0001-77', 'RUA AFONSO PENA - 272 CENTRO', '(99) 3521-4183', '65.600-060', 'MARCIA PRODUTOS PROFISSIO 122393910 MARCIA PRODUTOS PROFISSIO', 'CAXIAS / MA', 'marciafontescx@hotmail.com'),
(153, '000211-MARCIA MARIA MESQUITA FONTES ME 35.115.823/0001-47', 'AVENIDA OTÁVIO PASSOS - 926 CENTRO', '(99) 3521-4183', '65.600-030', 'MARCIA MARIA MESQUITA FON 127174532 MARCIA MARIA MESQUITA FON', 'CAXIAS / MA', 'marciafontescx@hotmail.com'),
(154, '000198-M. LIMA DE ARAUJO 10.202.405/0001-66', 'RUA AFONSO PENA - 302 CENTRO', '(99) 3661-3111', '65.370-000', 'M. LIMA DE ARAUJO 122983777 M. LIMA DE ARAUJO', 'CODO / MA', 'edilsonlima01@hotmail.com'),
(155, '000180-M. R. DE SOUSA ME 09.366.488/0001-40', 'AV. PEDRO LUDOVICO TEIXEIRA - 1574 CENTRO', '(63) 3476-3172', '77.760-000', 'M. R. DE SOUSA ME 294075003 M. R. DE SOUSA ME', 'COLINAS DO TOCANTINS / TO', 'ana-belo@hotmail.com'),
(156, '000518-ERIDAN CARVALHO DE SOUZA ME 08.861.592/0001-48', 'RUA IPIRANGA - 50 CENTRO', '(89) 3573-2736', '64.980-000', 'ERIDAN CARVALHO DE SOUZA 194728137 ERIDAN CARVALHO DE SOUZA', 'CORRENTE / PI', 'eridancosmeticos1@hotmail.com'),
(157, '000556-VIEIRA DE MARQUES LONTRA ME 21.016.344/0001-69', 'RUA AMÉRICA - 523 CENTRO', '(67) 3232-3145 / (67) 99935-8170', '79.302-070', 'VIEIRA DE MARQUES LONTRA 284006696 VIEIRA DE MARQUES LONTRA', 'CORUMBA / MS', 'mbcosmeticos523@hotmail.com'),
(158, '000171-DYEGO T BERTELLI ME 11.014.579/0001-68', 'RUA CABRAL - 1329 AEROPORTO', '(67) 3232-5304', '79.332-020', 'DYEGO T BERTELLI ME 283531240 DYEGO T BERTELLI ME', 'CORUMBA / MS', 'dyegotb@hotmail.com'),
(159, '000504-ANTONIA CLEICIANA DE LIMA 22.881.172/0001-54', 'RUA FRANCISCO DE SOUZA TORES - 294 MORADA DOS VENTOS', '(88) 3200-1010', '63.700-000', 'ANTONIA CLEICIANA DE LIMA 064599779 ANTONIA CLEICIANA DE LIMA', 'CRATEUS / CE', 'cleuciana@hotmail.com'),
(160, '000359-G. & T. PRODUTOS FARMACEUTICOS LTDA 23.211.093/0001-07', 'AVENIDA PADRE CÍCERO - 985 SÃO MIGUEL', '(88) 3523-2323', '63.122-445', 'G. & T. PRODUTOS FARMACEU 064684148 G. & T. PRODUTOS FARMACEU', 'CRATO / CE', 'thacyannafeitosa@gmail.com'),
(161, '000159-BUGATTI COSMÉTICOS LTDA EPP 21.956.502/0001-60', 'RUA TRISTÃO GONÇALVES - 356 CENTRO', '(88) 3521-1642', '63.100-100', 'BUGATTI COSMÉTICOS LTDA E 064397238 BUGATTI COSMÉTICOS LTDA E', 'CRATO / CE', 'bugatticosmeticos@hotmail.com'),
(162, '000367-JOSE VALNEZ BATISTA DA SILVA 716.195.183-68', 'RUA ORLANDO LIMA - 13 CROATA', '(85) 99996-1711', '62.670-000', 'JOSE VALNEZ BATISTA DA SI 200100548 JOSE VALNEZ BATISTA DA SI', 'CROATA / CE', 'helder_renan@hotmail.com'),
(163, '000386-CONTIGO COM. DE PRODUTOS 20.194.009/0001-98', 'RUA 30 QUADRA 20 SALA - A JARDIM INDUSTRIÁRIO', '(65) 3661-1565', '78.098-662', 'CONTIGO COM. DE PRODUTOS 135405645 CONTIGO COM. DE PRODUTOS', 'CUIABA / MT', 'maira.telles@hotmail.com'),
(164, '000071-DARMATH DIST. PROD. DE HIG. PES. COSM. 22.501.552/0001-16', 'RUA PADRE TENÓRIO - 165 JARDIM INDEPENDÊNCIA', '(65) 3025-2706', '78.031-015', 'DARMATH DIST. PROD. DE HI 135798809 DARMATH DIST. PROD. DE HI', 'CUIABA / MT', 'dcleus_castor@hotmail.com'),
(165, '000293-APARECIDO DOS REIS 046.256.259-04', 'AVENIDA ANGOLA - 8 SANTA ROSA', '(65) 99989-9174', '78.040-020', 'APARECIDO DOS REIS 200100211 APARECIDO DOS REIS', 'CUIABA / MT', 'cidao@hotmail.com'),
(166, '000317-A. COSTA DA SILVA NETO EPP 00.475.394/0001-34', 'AV. PARÁ - 114 CENTRO', '(94) 3348-1284', '68.523-000', 'A. COSTA DA SILVA NETO EP 151837147 A. COSTA DA SILVA NETO EP', 'CURIONOPOLIS / PA', 'gustavoskafe@yahoo.com.br'),
(167, '000561-E. ALVES DA SILVA COMERCIO 21.333.170/0001-68', 'AV. BAHIA - 130 CENTRO', '(94) 99271-0862', '68.523-970', 'E. ALVES DA SILVA COMERCI 154671215 E. ALVES DA SILVA COMERCI', 'CURIONOPOLIS / PA', 'antoniagomess@icloud.com'),
(168, '000477-DANIEL VIEIRA CABRAL ME 15.311.105/0003-09', 'AV. NAPOLEÃO BEZERRA - 105 CENTRO', '(84) 3417-2256', '59.380-000', 'DANIEL VIEIRA CURRAIS NOV 204827116 DANIEL VIEIRA CURRAIS NOV', 'CURRAIS NOVOS / RN', 'isaiasdesouza.compras@gmail.com'),
(169, '000575-CLEICIANA RODRIGUES DOS SANTOS 25.261.468/0001-60', 'RUA VER. JOAO DANTAS FEITOZA - S/N CENTRO', '(82) 99669-2151', '57.480-000', 'CLEICIANA RODRIGUES DOS S 244847592 CLEICIANA RODRIGUES DOS S', 'DELMIRO GOUVEIA / AL', 'cley_rodrigues@hotmail.com'),
(170, '000341-DROGARIA OLIVEIRA E CASTRO LTDA 08.457.834/0001-32', 'AV. MINAS GERAIS - 83 CENTRO', '(38) 3812-2990', '39.510-000', 'DROGARIA OLIVEIRA E CASTR 0010213890011 DROGARIA OLIVEIRA E CASTR', 'ESPINOSA / MG', 'manuelaminasbahia@hotmail.com.br'),
(171, '000103-AILTON CARVALHO 631.073.413-04', 'RUA 6 - N133 PORTUGAL', '(85) 98685-3480', '61.760-000', 'IRMÃO AILTON 20000 IRMÃO AILTON', 'EUSEBIO / CE', 'ailton.clarin@hotmail.com'),
(172, '000402-P. ALVES MOREIRA COSMETICOS ME 28.038.030/0001-06', 'AV. CORONEL CICERO SA - 150 CENTRO', '(85) 3181-2947 / (85) 99989-5344', '61.760-000', 'PEDRO MACARIO 066578353 PEDRO MACARIO', 'EUSEBIO / CE', 'viviancosmeticos@hotmail.com'),
(173, '000269-NESTOR SEVERO PEIXOTO JUNIOR 142.313.875-91', 'RUA BARRA AVENIDA - 61 MANGABEIRA', '(75) 99133-6046', '44.056-536', 'NESTOR SEVERO PEIXOTO JUN 2001000110 NESTOR SEVERO PEIXOTO JUN', 'FEIRA DE SANTANA / BA', 'nestor-peixoto@hotmail.com'),
(174, '000237-MARIA LINDOMAR GALDINO DE OLIVEIRA ME 10.488.345/0001-90', 'AVENIDA D - 761 PREFEITO JOSÉ WALTER', '(85) 99686-5861', '60.750-030', 'HARA COSMETICOS 063711184 HARA COSMETICOS', 'FORTALEZA / CE', 'haracosmeticos@hotmail.com'),
(175, '000242-FOCO COMERCIO VAREJISTA LTDA ME 18.997.603/0001-75', 'AVENIDA TRISTÃO GONÇALVES - 1426 BENFICA', '(85) 3032-2630', '60.015-002', 'BUTIQUE DOS COSMETICOS 067123414 BUTIQUE DOS COSMETICOS', 'FORTALEZA / CE', 'butiquecosmeticos@gmail.com'),
(176, '000231-JORDAO XIMENES DE SOUSA ME 09.653.299/0001-58', 'AVENIDA DOUTOR THEBERGE - 479 ÁLVARO WEYNE', '(85) 99815-7880', '60.335-480', 'JORDAO XIMENES DE SOUSA M 063903806', 'FORTALEZA / CE', '001-'),
(177, '000235-AMARU COMERCIO DE COSMETICOS 69.366.342/0001-26', 'RUA PEDRO PEREIRA - 155 CENTRO', '(85) 3221-2321', '60.035-000', 'AMARU COMERCIO DE COSMETI 069087180', 'FORTALEZA / CE', '001-'),
(178, '000295-BEULLS CABELEIREIROS UNISEX LTDA 05.777.078/0001-30', 'RUA JOÃO CORDEIRO - 675 CENTRO', '(85) 3251-1968', '60.110-300', 'BEULLS CABELEIREIROS UNIS 065325095 BEULLS CABELEIREIROS UNIS', 'FORTALEZA / CE', 'beulls@hotmail.com'),
(179, '000283-F. DAS C. G. B. DOS SANTOS 26.894.189/0001-05', 'RUA 102 - 24 B CONJUNTO ESPERANÇA', '(85) 98794-4477', '60.763-510', 'FABILENE 066369851 FABILENE', 'FORTALEZA / CE', 'fabileneribeiro@hotmail.com'),
(180, '000128-LEONICE VERONICA DE STEFANO 12.291.305/0001-89', 'RUA DOM JOAQUIM - 327 CENTRO', '(85) 98714-9493', '60.110-100', 'SR. ALCIDES 064064441 SR. ALCIDES', 'FORTALEZA / CE', 'alcides.artebanho@gmail.com'),
(181, '000062-FLAVIO SANTOS RIBEIRO 30.040.050/0001-63', 'RUA 102 Nº - 24 CONJUNTO ESPERANÇA', '(85) 3025-3807', '60.763-510', 'FLAVIO SANTOS RIBEIRO 067548822 FLAVIO SANTOS RIBEIRO', 'FORTALEZA / CE', 'fabileneribeiro@hotmail.com'),
(182, '000091-GUIRLAN MARCUS BRITO CAVALCANTE 219.803.303-87', 'AVENIDA FRANCISCO SÁ - 3190 CARLITO PAMPLONA', '(85) 98777-7964', '60.310-052', 'GUIRLAN 12222 GUIRLAN', 'FORTALEZA / CE', 'guirlan@hotmail.com'),
(183, '000106-BELLA PERFUMARIA E COSMETICOS EIRELI 21.381.465/0001-00', 'RUA GENERAL SAMPAIO - 1099 CENTRO', '(85) 3013-3164', '60.020-030', 'BELLA COSMETICOS 064287807 BELLA COSMETICOS', 'FORTALEZA / CE', 'bellacosmeticos2000@gmail.com'),
(184, '000019-M. R. M. DANTAS COMERCIO ME 12.061.380/0001-53', 'AVENIDA SENADOR FERNANDES TÁVORA - 957 HENRIQUE JORGE', '(85) 98991-2680', '60.510-290', 'M. R. M. DANTAS COMERCIO 064037487 M. R. M. DANTAS COMERCIO', 'FORTALEZA / CE', 'brigido2@terra.com.br'),
(185, '000021-ANTONIA KECIA DE SOUSA SANTANA 14.639.177/0001-47', 'AVENIDA OSCAR ARARIPE - 1980 BOM JARDIM', '(85) 3497-6094', '60.543-451', 'ANTONIA KECIA DE SOUSA SA 065818580 ANTONIA KECIA DE SOUSA SA', 'FORTALEZA / CE', 'kecia_santana@hotmail.com'),
(186, '000003-SUPER 070.680.938-68', 'AVENIDA FRANCISCO SÁ - 3190 CARLITO PAMPLONA', '(85) 3278-8222', '60.310-052', 'SUPER ISENTO', 'FORTALEZA / CE', 'REPRE_Email@REPRE_Email.om'),
(187, '000081-ALBERJANO GONÇALVES GOMES DA SILVA 04.777.917/0001-58', 'AVENIDA CENTRAL - 39 A CIDADE 2000', '(85) 3249-0313', '60.190-611', 'HENNA COSMETICOS 063177722 HENNA COSMETICOS', 'FORTALEZA / CE', 'alberjanohenna@hotmail.com'),
(188, '000086-ANAVIH COSMETICOS E PERFUMES 08.980.091/0001-80', 'AVENIDA PROFESSOR GOMES DE MATOS - 1181 JARDIM AMÉRICA', '(85) 3491-1768', '60.410-423', 'ANAVIH COSMETICOS E PERFU 062119028 ANAVIH COSMETICOS E PERFU', 'FORTALEZA / CE', 'lucelita@anavihcosmeticos.com.br'),
(189, '000087-ALDEMILIAM PATRICIA DA COSTA MENEZES ME 05.587.463/0004-68', 'RUA JOAQUIM LEITÃO - 640 ANTÔNIO BEZERRA', '(85) 3257-5638', '60.360-840', 'VIA COSMETICOS 064397750 VIA COSMETICOS', 'FORTALEZA / CE', 'financeiro@viacosmeticos.com'),
(190, '000161-LUCIMAR 822.130.387-91', 'RUA ATAULFO ALVES - 863 JARDIM DAS OLIVEIRAS', '(85) 99968-7752', '60.821-460', 'LUCIMAR 22222220 LUCIMAR', 'FORTALEZA / CE', 'lucimar@hotmail.com'),
(191, '000156-EMILDO RODRIGUES BEZERRA 385.447.763-53', 'RUA GONÇALVES LEDO - 140 CENTRO', '(85) 9885-5555', '60.110-261', 'EMILDO RODRIGUES BEZERRA 20000', 'FORTALEZA / CE', '001-'),
(192, '000169-NORTE COMERCIAL DE COSMETICOS LTDA 05.051.951/0002-94', 'AVENIDA AUGUSTO DOS ANJOS - 1140 BONSUCESSO', '(85) 3444-6000', '60.542-164', 'EXALLA COSMETICOS 065779061 EXALLA COSMETICOS', 'FORTALEZA / CE', 'even@guarany.com.br'),
(193, '000136-THIAGO EUGENIO DE CASTRO 26.022.569/0001-41', 'RUA CAPANEMA - 8 JACARECANGA', '(85) 99851-0952', '68.639-000', 'THIAGO EUGENIO DE CASTRO 065413202 THIAGO EUGENIO DE CASTRO', 'FORTALEZA / CE', 'daneferro35@gmail.com'),
(194, '000137-MARIA EUZETE HOLANDA BRAGA 04.309.651/0001-19', 'RUA GOVERNADOR SAMPAIO - 232 CENTRO', '(85) 3253-2786', '60.055-050', 'CHOCOLANDIA 063080001', 'FORTALEZA / CE', '001-'),
(195, '000140-M. I. S. BATISTA & CIA LTDA 04.352.867/0001-67', 'RUA TENENTE JURANDIR ALENCAR - 144 MESSEJANA', '(85) 3276-4113', '60.840-000', 'INACIO LOJAS DINA 063085780', 'FORTALEZA / CE', '001-'),
(196, '000143-V. L. V. SOARES ME 07.196.937/0001-23', 'AV. A - 892 A CONJUNTO CEARA', '(85) 3294-8038', '60.533-590', 'VERA FREE BEL 067016324 VERA FREE BEL', 'FORTALEZA / CE', 'freebelcosmeticos@hotmail.com'),
(197, '000203-BECHARA SULEIMAN E CIA LTDA 63.401.665/0004-70', 'RUA FLORIANO PEIXOTO - 948 CENTRO', '(85) 3211-7117', '60.025-130', 'BECHARA FLORIANO 066839343 BECHARA FLORIANO', 'FORTALEZA / CE', 'contasapagar@armazemmontreal.com.br'),
(198, '000204-BECHARA SULEIMAN E CIA LTDA 63.401.665/0001-27', 'RUA CONDE D\'EU - 617 CENTRO', '(85) 3211-1111', '60.055-070', 'BECHARA CONDE D\'EU 068635834 BECHARA CONDE D\'EU', 'FORTALEZA / CE', 'contasapagar@armazemmontreal.com.br'),
(199, '000205-BECHARA SULEIMAN E CIA LTDA 63.401.665/0005-50', 'AVENIDA PROFESSOR GOMES DE MATOS - 557 MONTESE', '(85) 3211-1111', '60.416-391', 'BECHARA MONTESE 066900573 BECHARA MONTESE', 'FORTALEZA / CE', 'contasapagar@armazemmontreal.com.br'),
(200, '000206-BECHARA SULEIMAN E CIA LTDA 63.401.665/0006-31', 'AVENIDA TRISTÃO GONÇALVES - 752 CENTRO', '(85) 3211-1111', '60.015-000', 'BECHARA TRISTAO 061860468 BECHARA TRISTAO', 'FORTALEZA / CE', 'contasapagar@armazemmontreal.com.br'),
(201, '000207-BECHARA SULEIMAN E CIA LTDA 63.401.665/0008-01', 'RUA GOVERNADOR SAMPAIO - 342 CENTRO', '(85) 3211-1111', '60.055-050', 'BECHARA GOV. SAMPAIO 064834360 BECHARA GOV. SAMPAIO', 'FORTALEZA / CE', 'contasapagar@armazemmontreal.com.br'),
(202, '000208-R. M. COM. DE COSMETICOS E PERFUMES LTDA ME 19.122.215/0001-03', 'AVENIDA OLIVEIRA PAIVA - 1670A CIDADE DOS FUNCIONÁR', '(85) 3271-1586', '60.822-130', 'ANAVIH OLIVEIRA 067092560 ANAVIH OLIVEIRA', 'FORTALEZA / CE', 'lucelita@anavihcosmeticos.com.br'),
(203, '000374-NELRISMAR ROCHA DA COSTA LIMA 27.120.929/0001-00', 'RUA JOAQUIM DOS ANJOS - 997A PLANALTO AYRTON SENN', '(85) 3222-2222', '60.760-530', 'NELRISMAR ROCHA DA COSTA 066392284 NELRISMAR ROCHA DA COSTA', 'FORTALEZA / CE', 'marilialima_vm@hotmail.com'),
(204, '000512-PELO E PELE COSMETICOS EIRELLI 26.991.039/0001-01', 'AVENIDA FRANCISCO SÁ - 2903 CARLITO PAMPLONA', '(85) 99127-1815', '60.310-055', 'PELO E PELE COSMETICOS EI 066468710 PELO E PELE COSMETICOS EI', 'FORTALEZA / CE', 'giordanibernard@hotmail.com');
INSERT INTO `colaboradores` (`REPRE_Codigo`, `REPRE_Nome`, `REPRE_Endereco`, `REPRE_Telefone`, `REPRE_Cep`, `REPRE_Nome_Fantasia`, `REPRE_Cidade`, `REPRE_Email`) VALUES
(205, '000529-ARM IMPORTADORA E EXPORTADORA EIRELI 26.585.594/0001-33', 'RUA MARECHAL DEODORO DA FONSECA - 1915 CENTRO', '(67) 3431-0504 / (45) 3522-5948', '85.851-030', 'ARM IMPORTADORA E EXPORTA 9074678057 ARM IMPORTADORA E EXPORTA', 'FOZ DO IGUACU / PR', 'sonora-imp9@hotmail.com'),
(206, '000543-RAIMUNDA DORACI PONTES SOUSA 28.788.752/0001-88', 'RUA NOBERTO RODRIGUES - 1278 CENTRO', '(88) 99240-0278', '62.340-000', 'RAIMUNDA DORACI PONTES SO 066949629 RAIMUNDA DORACI PONTES SO', 'FRECHEIRINHA / CE', 'marciafr@hotmail.com'),
(207, '000342-J. DOS REIS RIBEIRO FEITOSA 17.553.803/0001-76', 'RUA 12 DE JULHO - 7 CENTRO', '(94) 99165-1897', '68.639-000', 'J. DOS REIS RIBEIRO FEITO 153989653 J. DOS REIS RIBEIRO FEITO', 'GOIANESIA DO PARA / PA', 'semprebellacosmeticos@hotmail.com'),
(208, '000573-VIA LUA COSMETICOS LTDA ME 07.897.901/0001-77', 'AVENIDA JL 7 QUADRA 10 LOTE - 28 JARDIM LAJEADO', '(62) 3567-9801 / (62) 98529-1981', '74.785-050', 'VIA LUA COSMETICOS LTDA M 103986707 VIA LUA COSMETICOS LTDA M', 'GOIANIA / GO', 'executivosconto@yahoo.com.br'),
(209, '000488-TRATTA BELEZA COSMETICOS LTDA 22.604.858/0001-06', 'RUA POETA JOAQUIM BONIFÁCIO QD 26 LT 01 N - 850 JARDIM DOM FERNANDO', '(62) 3998-0399', '74.765-287', 'TRATTA BELEZA COSMETICOS 106340271 TRATTA BELEZA COSMETICOS', 'GOIANIA / GO', 'trattabeleza@hotmail.com'),
(210, '000467-CASA DA MANICURE PRODUTOS DE BELEZA 02.694.883/0001-02', 'RUA 74 Nº - 250 SETOR CENTRAL', '(62) 3229-3253', '74.045-020', 'CASA DA MANICURE PRODUTOS 101280211 CASA DA MANICURE PRODUTOS', 'GOIANIA / GO', 'casadamanicure55@gmail.com'),
(211, '000468-ROSY DISTRIBUIDORA DE COSMETICOS 12.602.267/0001-38', 'RUA 4 QUADRA 53 LOTE 0 LOJA - 01 SETOR CENTRAL', '(62) 3087-4419', '74.020-060', 'ROSY DISTRIBUIDORA DE COS 104824930 ROSY DISTRIBUIDORA DE COS', 'GOIANIA / GO', 'valrepresentacao@gmail.com'),
(212, '000439-ADAS COMERCIO DE COSMETICOS LTDA 05.488.159/0001-10', 'RUA PRIMEIRO DE MARÇO QUADRA 04 LOTE - 17 VILA LUCIANA', '(62) 3296-1486', '74.373-060', 'ADAS COMERCIO DE COSMETIC 103586245 ADAS COMERCIO DE COSMETIC', 'GOIANIA / GO', 'adascosmeticos@hotmail.com'),
(213, '000378-DROGARIA DO POVO EPP 02.899.960/0001-60', 'AVENIDA ABSAY TEIXEIRA QD 67 LT 12A - 2093 JARDIM GUANABARA III', '(62) 3264-7965', '74.683-490', 'DROGARIA DO POVO EPP 103110747 DROGARIA DO POVO EPP', 'GOIANIA / GO', 'drogariadopovo99@hotmail.com'),
(214, '000418-AMPLA COSMETICOS MOVEIS LTDA 10.335.084/0001-78', 'AVENIDA 24 DE OUTUBRO - 1059 SETOR CAMPINAS', '(62) 3233-6868', '74.505-011', 'AMPLA COSMETICOS MOVEIS L 104349581 AMPLA COSMETICOS MOVEIS L', 'GOIANIA / GO', 'thiago.bellaza@gmail.com'),
(215, '000082-ACEAN AVELINO DANTAS ME 10.934.367/0001-36', 'RUA DR. JOAO PRIMENIO - 265 CENTRO', '(84) 3243-2095', '59.173-000', 'ACEAN AVELINO DANTAS ME 202213196 ACEAN AVELINO DANTAS ME', 'GOIANINHA / RN', 'lojaledaemporio@gmail.com'),
(216, '000154-LIDUINA MARIA DA ROCHA 08.597.428/0001-75', 'RUA MONSENHOR VITORINO - 149 CENTRO', '(88) 99861-0252', '62.430-000', 'LIDUINA MARIA DA ROCHA 062096192 LIDUINA MARIA DA ROCHA', 'GRANJA / CE', 'fran_chaga@hotmail.com'),
(217, '000123-JOSE GOMES DA S. SOBRINHO ME 08.776.649/0001-00', 'RUA MANOEL CASTOR ROSAS - 30 GRAVATÁ CENTRO', '(81) 3533-0356', '55.641-090', 'JOSE GOMES DA S. SOBRINHO 034960660 JOSE GOMES DA S. SOBRINHO', 'GRAVATA / PE', 'belissimacosmeticosgravata@gmail.com'),
(218, '000496-ADRIANA ARRUDA ALMEIDA 791.286.020-72', 'RUA PROFESSOR ERNESTO FERREIRA - 295 CAÇA E PESCA', '(51) 99774-2377', '94.190-200', 'ADRIANA ARRUDA ALMEIDA 200100021 ADRIANA ARRUDA ALMEIDA', 'GRAVATAI / RS', 'adriesergiorepresentantes@gmail.com'),
(219, '000538-RAQUEL ETCHEVERRY KRUMENAUER 12.899.162/0001-92', 'RUA CONEGO ESTANISLAU SCHERER - 428 CENTRO', '(51) 3401-2092', '92.500-000', 'RAQUEL ETCHEVERRY KRUMENA 0580131874 RAQUEL ETCHEVERRY KRUMENA', 'GUAIBA / RS', 'superbonyta@hotmail.com'),
(220, '000297-OHKUBO E MELO LTDA 10.343.893/0001-21', 'AV. BERNARDO SAYÃO - 2536 CENTRO', '(63) 3464-4206', '77.700-000', 'OHKUBO E MELO LTDA 294102965 OHKUBO E MELO LTDA', 'GUARAI / TO', 'loja_guarai@bazarohkubo.com.br'),
(221, '000238-DISTRIBUIDORA DE COSM. GLOBO LTDA 03.782.574/0001-57', 'RUA PRESIDENTE GETÚLIO VARGAS - 1231 SETOR CENTRAL', '(63) 3351-1899', '77.405-120', 'DISTRIBUIDORA DE COSM. GL 290662737', 'GURUPI / TO', '001-'),
(222, '000170-FERREIRA E MARINHO LTDA 03.818.551/0001-55', 'AVENIDA GOIÁS - 2078 SETOR CENTRAL', '(63) 3215-1711', '77.410-010', 'FERREIRA E MARINHO LTDA 290666597 FERREIRA E MARINHO LTDA', 'GURUPI / TO', 'tangaradistribuidora@hotmail.com'),
(223, '000366-J. ALVES MACHADO E CIA LTDA 08.816.072/0001-13', 'RUA PRESIDENTE GETÚLIO VARGAS - 1277 SETOR CENTRAL', '(63) 3312-0083', '77.405-120', 'J. ALVES MACHADO E CIA LT 294048944 J. ALVES MACHADO E CIA LT', 'GURUPI / TO', 'irvoneide@bol.com.br'),
(224, '000125-ANA CLAUDIA DA SILVA DE CARVALHO 18.796.304/0001-72', 'AV. JUVENAL DE CASTRO - 122 CENTRO', '(85) 3250-1572', '62.880-144', 'ANA CLAUDIA DA SILVA DE C 065271289 ANA CLAUDIA DA SILVA DE C', 'HORIZONTE / CE', 'thiagoaureliofreitas@gmail.com'),
(225, '000168-LIZANDRA CARLA VIANA BASTOS ME 05.804.556/0001-54', 'RUA DR INACIO DIAS - 2055 CENTRO', '(88) 3561-1752 / (88) 99671-5700', '63.430-000', 'LIZANDRA CARLA VIANA BAST 066827213 LIZANDRA CARLA VIANA BAST', 'ICO / CE', 'lizandracosmeticos@gmail.com'),
(226, '000148-HUDSON MORAES DE LIMA 22.430.604/0001-00', 'RUA BENJAMIM CONSTANTE - 203 CENTRO', '(88) 3561-4651', '63.430-000', 'HUDSON MORAES DE LIMA 064489671 HUDSON MORAES DE LIMA', 'ICO / CE', 'franciscoedlima@hotmail.com'),
(227, '000151-MYLENA KARLA COELHO DE LIMA 26.527.880/0001-42', 'RUA ALFREDO BRAVO PIO - 14B CENTRO GERENCIAL', '(88) 3561-4651', '63.430-000', 'HUDSON MORAES 065498810 HUDSON MORAES', 'ICO / CE', 'franciscoedlima@hotmail.com'),
(228, '000186-VANIA MARIA DE JESUS BATISTA ME 04.394.878/0001-00', 'RUA FRANCISCO MACIEL - 2064 CENTRO', '(88) 3561-1109', '63.430-000', 'VANI MARIA DE JESUS BATIS 063098393 VANI MARIA DE JESUS BATIS', 'ICO / CE', 'adrianasousa_paula@hotmail.com'),
(229, '000553-GLAUCO SOARES PONTES 11.700.737/0001-33', 'RUA FRANCISCO MACIEL - 2070 CENTRO', '(88) 3561-1752', '63.430-000', 'GLAUCO SOARES PONTES 063943034 GLAUCO SOARES PONTES', 'ICO / CE', 'adrianasousa_paula@hotmail.com'),
(230, '000177-IGUABELA COSMETICOS LTDA 02.741.246/0001-40', 'GALERIA GUSTAVO CORREIA - 18 CENTRO', '(88) 3581-7133', '63.500-053', 'IGUABELA COSMETICOS LTDA 062710222 IGUABELA COSMETICOS LTDA', 'IGUATU / CE', 'iguabelacosmeticos@hotmail.com'),
(231, '000200-IGUATU COM. DE COSMETICOS LTDA 17.209.492/0001-22', 'RUA FLORIANO PEIXOTO - 593 CENTRO', '(88) 3581-4611 / (85) 98830-8557', '63.500-050', 'IGUATU COM. DE COSMETICOS 066231213 IGUATU COM. DE COSMETICOS', 'IGUATU / CE', 'sobreiraluiza@ig.com.br'),
(232, '000247-OMAR NEGRINI COSMÉTICOS ME 23.084.178/0001-63', 'RUA CORONEL MENDONÇA - 177 CENTRO', '(88) 3581-4905', '63.500-056', 'OMAR NEGRINI COSMÉTICOS M 064674096 OMAR NEGRINI COSMÉTICOS M', 'IGUATU / CE', 'negrini-omar@bol.com.br'),
(233, '000282-WW. COMERCIO E REPRESENTAÇÕES LTDA 07.154.168/0001-09', 'RUA SÃO FRANCISCO - 1016 NOVA IMPERATRIZ', '(99) 3523-1607', '65.907-050', 'WW. COMERCIO E REPRESENTA 122349679 WW. COMERCIO E REPRESENTA', 'IMPERATRIZ / MA', 'wwcomrepr@hotmail.com'),
(234, '000152-PEREIRA COMERCIO DE COSMETICOS LTDA 26.214.416/0001-04', 'AVENIDA GETÚLIO VARGAS - 603 CENTRO', '(99) 99194-4267', '65.901-450', 'PEREIRA COMERCIO DE COSME 125050542 PEREIRA COMERCIO DE COSME', 'IMPERATRIZ / MA', 'ponto_cabeleireiro@hotmail.com'),
(235, '000150-G. C. SALES PERFUMARIA 08.605.579/0001-28', 'AVENIDA GETÚLIO VARGAS - 1392 CENTRO', '(99) 3523-3441', '65.901-550', 'G. C. SALES PERFUMARIA 122334159 G. C. SALES PERFUMARIA', 'IMPERATRIZ / MA', 'ponto_cabeleireiro@hotmail.com'),
(236, '000289-FRANCISCA CLEANA RAMOS DA SILVA ME 07.838.897/0001-76', 'AV. JOSE CARVALHO DE ARAGAO - 565 BOA VISTA', '(88) 99989-5152', '62.250-000', 'FRANCISCA CLEANA RAMOS DA 061915190 FRANCISCA CLEANA RAMOS DA', 'IPU / CE', 'cleanaramos@hotmail.com'),
(237, '000428-S. A. AGUIAR ME 83.902.684/0001-44', 'RUA HOMERO GOMES DE CASTRO - 440 BELA VISTA', '(93) 3518-1648', '68.180-250', 'S. A. AGUIAR ME 151814848 S. A. AGUIAR ME', 'ITAITUBA / PA', 'alvoradrogaria@gmail.com'),
(238, '000308-A. GOMES & PAIVA LTDA 27.148.789/0001-89', 'AVENIDA DOUTOR HUGO DE MENDONÇA - 376 COMÉRCIO', '(93) 99153-4603', '68.180-005', 'A. GOMES & PAIVA LTDA 155537598 A. GOMES & PAIVA LTDA', 'ITAITUBA / PA', 'casadabelezaitb@gmail.com'),
(239, '000501-D. A. OLIVEIRA COSMETICOS EIRELI 10.886.985/0001-58', 'PRAÇA DUQUE DE CAXIAS - 1624 CENTRO', '(85) 3346-1461 / (85) 99225-5963', '62.600-000', 'D. A. OLIVEIRA COSMETICOS 063803372 D. A. OLIVEIRA COSMETICOS', 'ITAPAJE / CE', 'ritabellacosmeticos@yahoo.com.br'),
(240, '000195-ROGINAL CLAUDIER ALBUQUERQUE ME 11.838.996/0001-25', 'RUA SETE DE SETEMBRO - 209 CENTRO', '(88) 3631-1605', '62.500-000', 'ROGINAL CLAUDIER ALBUQUER 063965410 ROGINAL CLAUDIER ALBUQUER', 'ITAPIPOCA / CE', 'esquinaodoscosmeticos@hotmail.com'),
(241, '000188-M. G. SOUSA TEIXEIRA COSMETICOS ME 09.365.679/0001-97', 'RUA ANASTACIO BRAGA - 811 CENTRO', '(88) 3631-0063 / (88) 99999-8075', '62.500-000', 'M. G. SOUSA TEIXEIRA COSM 063586380 M. G. SOUSA TEIXEIRA COSM', 'ITAPIPOCA / CE', 'jds.teixeira@hotmail.com'),
(242, '000079-W. PAIVA VASCONCELOS ME 00.561.743/0001-30', 'AV. ANASTACIO BRAGA - 2642 CACIMBAS', '(88) 98829-7828', '62.500-000', 'WISLEN 064335526 WISLEN', 'ITAPIPOCA / CE', 'wislenpai@gmail.com'),
(243, '000352-A. S. DA SILVEIRA 21.429.547/0001-87', 'RUA PADRE JOÃO BANDEIRA - 950 CENTRO', '(88) 99708-6080', '63.475-000', 'BELISSIMA COSMETICOS 064287831 BELISSIMA COSMETICOS', 'JAGUARIBE / CE', 'sergiodibel@hotmail.com'),
(244, '000343-SILENE MARTINS GOMES 05.070.563/0001-70', 'AV MANUEL ATHAIDE - 347 CENTRO', '(38) 3821-3851', '39.440-000', 'SILENE MARTINS GOMES 3511760430032 SILENE MARTINS GOMES', 'JANAUBA / MG', 'gestaocorpus@gmail.com'),
(245, '000306-R. D. COMERCIO DE GENEROS ALIMENTICIOS 04.520.295/0002-69', 'AV. DON PEDRO I - 2683 SETOR 05', '(69) 3521-1883 / (69) 3521-1124', '76.890-000', 'R. D. COMERCIO DE GENEROS 00000003110079 R. D. COMERCIO DE GENEROS', 'JARU / RO', 'gpdenardi@hotmail.com'),
(246, '000145-TERRA SANTA COMÉRCIO DE MEDICAMENTOS 84.617.232/0001-83', 'AV. DOM PEDRO I - 2552 SETOR 5', '(69) 3521-2520', '76.890-000', 'TERRA SANTA COMÉRCIO DE M 00000000404683 TERRA SANTA COMÉRCIO DE M', 'JARU / RO', 'santaluciafarmacia@gmail.com'),
(247, '000153-MARCELA COSMETICOS E PRESENTES LTDA 09.440.944/0001-54', 'AVENIDA GOVERNADOR FLÁVIO RIBEIRO COUTINHO - 167 MANAÍRA', '(83) 2106-0865', '58.037-000', 'MERCELA COSMETICOS E PRES 161557317 MERCELA COSMETICOS E PRES', 'JOAO PESSOA / PB', 'marcellacosmeticos.pb@gmail.com'),
(248, '000162-CENTER BELA COSMETICOS LTDA 03.238.791/0001-80', 'RUA GERALDO COSTA - 850 MANAÍRA', '(83) 3531-4001', '58.038-130', 'CENTER BELA COSMETICOS LT 161243304 CENTER BELA COSMETICOS LT', 'JOAO PESSOA / PB', 'center_bella@hotmail.com'),
(249, '000080-ACADEMIA DA BELEZA COMERCIO 09.364.437/0001-89', 'AVENIDA GOVERNADOR FLÁVIO RIBEIRO COUTINHO – 167 SALA 2 MANAÍRA', '(83) 3241-1588', '58.037-000', 'ACADEMIA DA BELEZA 161553648 ACADEMIA DA BELEZA', 'JOAO PESSOA / PB', 'lauosmilda@yahoo.com.br'),
(250, '000337-GIRLANE MARTINS DE SOUSA 24.638.283/0001-60', 'AVENIDA CRUZ DAS ARMAS – 3133 SL B OITIZEIRO', '(83) 98872-7782', '58.087-000', 'GIRLANE MARTINS DE SOUSA 162706995 GIRLANE MARTINS DE SOUSA', 'JOAO PESSOA / PB', 'girlene.martins@hotmail.com'),
(251, '000287-SHEILLA COSMÉTICOS 11.583.785/0001-99', 'RUA ESPEDITO DELMIRO SANTOS – 33 BOX A GROTÃO', '(83) 3233-0615', '58.079-794', 'SHEILLA COSMÉTICOS 161651321 SHEILLA COSMÉTICOS', 'JOAO PESSOA / PB', 'sheillacosmeticos@hotmail.com'),
(252, '000073-A. BELISSIMA COSMETICOS 08.100.543/0001-92', 'RUA JOSEFA TAVEIRA - BOX 3 MANGABEIRA', '(83) 3238-9150', '58.055-000', 'A. BELISSIMA COSMETICOS 161490778 A. BELISSIMA COSMETICOS', 'JOAO PESSOA / PB', 'abelissimacosmeticos@hotmail.com'),
(253, '000495-LUFANCY COM. DE COSMETICOS LTDA 29.103.234/0001-46', 'RUA VISCONDE DE PELOTAS - 242 CENTRO', '(83) 99675-3921', '58.013-000', 'LUFANCY COM. DE COSMETICO 163053510 LUFANCY COM. DE COSMETICO', 'JOAO PESSOA / PB', 'lufancycosmeticos@gmail.com'),
(254, '000448-ISAC FERREIRA DA COSTA 11.686.132/0001-35', 'RUA PREFEITO LUIZ ALBERTO MOREIRA COUTINHO - 94 MANGABEIRA', '(83) 3238-8041', '58.058-800', 'ISAC FERREIRA DA COSTA 161670300 ISAC FERREIRA DA COSTA', 'JOAO PESSOA / PB', 'izacferreiracosta@hotmail.com'),
(255, '000466-N. L. VILAR & CIA LTDA EPP 41.141.540/0001-72', 'AVENIDA DOM PEDRO II - 99C CENTRO', '(83) 99933-8106', '58.013-420', 'N. L. VILAR & CIA LTDA EP 160776830 N. L. VILAR & CIA LTDA EP', 'JOAO PESSOA / PB', 'missianavilar@hotmail.com'),
(256, '000369-M. N. S. VILAR COMERCIO E REP. LTDA 03.052.885/0001-60', 'AVENIDA SENADOR RUY CARNEIRO - 720 MANAÍRA', '(83) 98167-6789', '58.039-180', 'M. N. S. VILAR COMERCIO E 161234054', 'JOAO PESSOA / PB', '001-'),
(257, '000256-MARIA DE LOURDES BORGES DA SILVA 02.042.957/0001-26', 'RUA OSCAR RIBEIRO - 160 CENTRO', '(74) 3612-0559', '48.904-090', 'MARIA DE LOURDES BORGES D 61175652 MARIA DE LOURDES BORGES D', 'JUAZEIRO / BA', 'naldagb@hotmail.com'),
(258, '000275-ADAUTO NETO DA SILVA 35.243.690/0001-94', 'RUA SÃO PEDRO - 1027 CENTRO', '(88) 3512-1694', '63.010-010', 'ADAUTO NETO DA SILVA 060687320 ADAUTO NETO DA SILVA', 'JUAZEIRO DO NORTE / CE', 'casadoshampoo@hotmail.com'),
(259, '000276-GONÇALVES & SILVA 08.105.718/0001-54', 'RUA SÃO PEDRO - 861 CENTRO', '(88) 3512-1694', '63.010-010', 'GONÇALVES & SILVA 061970360 GONÇALVES & SILVA', 'JUAZEIRO DO NORTE / CE', 'casadoshampoo@hotmail.com'),
(260, '000232-SHAMPOO & CIA PROFISSIONAL LTDA 10.501.495/0001-96', 'RUA SÃO PEDRO - 720 CENTRO', '(88) 3512-4040', '63.010-010', 'SHAMPOO & CIA PROFISSIONA 063714736 SHAMPOO & CIA PROFISSIONA', 'JUAZEIRO DO NORTE / CE', 'vanusiasales@hotmail.com'),
(261, '000039-J. G. DA SILVA COSMÉTICOS 22.914.392/0001-37', 'RUA JOSÉ DE ALENCAR - 1980 JOÃO CABRAL', '(88) 99625-5306', '63.051-065', 'J. G. DA SILVA COSMÉTICOS 064604837 J. G. DA SILVA COSMÉTICOS', 'JUAZEIRO DO NORTE / CE', 'dunebelle@outlook.com'),
(262, '000015-HELDER RENAN GONÇALVES DA SILVA 007.788.893-60', 'RUA MANOEL MIGUEL DOS SANTOS - 191 LAGOA SECA', '(88) 99649-7337', '63.040-150', 'HELDER 2001002119136 HELDER', 'JUAZEIRO DO NORTE / CE', 'helderfinanceiro@peloepelecosmeticos.com.br'),
(263, '000164-ANTONIO VICENTE DA SILVA ARMARINHO 63.309.702/0001-71', 'RUA SÃO PAULO - 959 CENTRO', '(88) 3511-5656', '63.010-000', 'ANTONIO VICENTE DA SILVA 060409088 ANTONIO VICENTE DA SILVA', 'JUAZEIRO DO NORTE / CE', 'eliseu.armarinhomartinsesilva@gmail.com'),
(264, '000144-JOSECILDA LUIZA DE FREITAS 07.649.398/0001-30', 'RUA VEREADOR JOSÉ RODRIGUES SOARES - 343 LIMOEIRO', '(88) 3587-3758', '63.030-110', 'JOSECILDA LUIZA DE FREITA 061874787 JOSECILDA LUIZA DE FREITA', 'JUAZEIRO DO NORTE / CE', 'jolillaizcosmeticos@gmail.com'),
(265, '000138-COMERCIO VAREJISTA DE PRODUTOS FARMACEUTICOS02.646.629/0001-39', 'AVENIDA PREFEITO CARLOS CRUZ - 962 SÃO MIGUEL', '(88) 3312-5500', '63.010-455', 'COMERCIO VAREJISTA DE PRO 062709569 COMERCIO VAREJISTA DE PRO', 'JUAZEIRO DO NORTE / CE', 'farmacia-cariri@hotmail.com'),
(266, '000363-SOCIEDADE COMERCIAL SÃO BERNARDO LTDA 07.980.824/0001-14', 'RUA SÃO PEDRO - 1053 CENTRO', '(88) 3511-0492', '63.010-010', 'SOCIEDADE COMERCIAL SÃO B 068080743 SOCIEDADE COMERCIAL SÃO B', 'JUAZEIRO DO NORTE / CE', 'sc.sbernardo@uol.com.br'),
(267, '000464-F. LIMA LEITE ME 23.644.542/0001-00', 'RUA SÃO PAULO - 925 CENTRO', '(88) 98867-0001', '63.010-000', 'F. LIMA LEITE ME 064762009 F. LIMA LEITE ME', 'JUAZEIRO DO NORTE / CE', 'goncalves22738@hotmail.com'),
(268, '000569-JOANA DARC PEREIRA FIGUEIRAS 29.479.738/0001-65', 'RUA FRANCISCO VICENTE SILVA CAVALCANTE - 132 TRIÂNGULO', '(88) 3512-3073 / (88) 98812-8960', '63.041-090', 'JOANA DARC PEREIRA FIGUEI 067437168 JOANA DARC PEREIRA FIGUEI', 'JUAZEIRO DO NORTE / CE', 'joanadpereiraf@gmail.com'),
(269, '000545-VANUSIA SALES DE PAIVA SILVA 04.325.857/0001-32', 'RUA SÃO PEDRO - 484 CENTRO', '(88) 3512-2809', '63.010-010', 'SAHMPOO E CIA MATRIZ 063080869 SAHMPOO E CIA MATRIZ', 'JUAZEIRO DO NORTE / CE', 'vanusiasales@hotmail.com'),
(270, '000547-DANIEL MIRANDA DA SILVA GONCALVES ME 14.206.788/0001-00', 'AVENIDA PADRE CÍCERO - 2555 TRIÂNGULO', '(88) 2141-0637', '63.041-145', 'DANIEL MIRANDA DA SILVA 065736745 DANIEL MIRANDA DA SILVA', 'JUAZEIRO DO NORTE / CE', 'lolla.comercial@hotmail.com'),
(271, '000530-A. L. A. MAXIMILIANO 11.295.176/0001-34', 'RUA JOAQUIM GOMES DO AMARAL - S/N CENTRO', '(93) 99193-0073 / (93) 98116-0194', '68.170-000', 'A. L. A. MAXIMILIANO 152924892 A. L. A. MAXIMILIANO', 'JURUTI / PA', 'ala.maximiliano@gmail.com'),
(272, '000262-J. GADELHA LIMA DA SILVA 05.286.568/0001-34', 'RUA CEL. PEDRO BOGREA - 228 CENTRO', '(99) 3644-0162', '65.715-000', 'J. GADELHA LIMA DA SILVA 122045424 J. GADELHA LIMA DA SILVA', 'LAGO DA PEDRA / MA', 'ruannaperfumaria@hotmail.com'),
(273, '000420-MARIA DE FATIMA LOBATO BENTES 24.669.595/0001-30', 'AV. TANCREDO NEVES - 2442 AGRESTE', '(96) 99113-4862 / (96) 99137-1275', '68.920-000', 'MARIA DE FATIMA LOBATO BE 030535140 MARIA DE FATIMA LOBATO BE', 'LARANJAL DO JARI / AP', 'roquedamiao@hotmail.com'),
(274, '000181-FRANCISCA DE MORAIS BARRETO EPP 11.744.333/0001-41', 'RUA PROFESSOR RICART - 486 CENTRO', '(88) 3423-3342 / (88) 3423-2953', '62.930-000', 'FRANCISCA DE MORAIS BARRE 063974517 FRANCISCA DE MORAIS BARRE', 'LIMOEIRO DO NORTE / CE', 'belezaecialimoeiro@yahoo.com.br'),
(275, '000111-VALDEANE CRISTINA MACIEL LIMA 12.435.422/0002-50', 'AV. DOM AURELIANO MATOS - 2381 CENTRO', '(88) 99710-1500', '62.930-000', 'VALDEANE CRISTINA MACIEL 064780392 VALDEANE CRISTINA MACIEL', 'LIMOEIRO DO NORTE / CE', 'valdeanecris@hotmail.com'),
(276, '000124-H. D. L . DISTRIBUIDORA LTDA 09.583.954/0001-49', 'RAMAL DAS BENÇÕES - 3000 JARDIM MARCO ZERO', '(96) 8102-1700 / (96) 9119-9692', '68.903-388', 'H. D. L . DISTRIBUIDORA L 030324122 H. D. L . DISTRIBUIDORA L', 'MACAPA / AP', 'lojapadrejulio@hdldistribuidora.com.br'),
(277, '000076-A. L. COMERCIO E REPRESENTACOES 05.320.902/0002-00', 'RUA TIRADENTES - 1192 CENTRAL', '(96) 3223-7008', '68.900-098', 'A. L. COMERCIO E REPRESEN 030341817 A. L. COMERCIO E REPRESEN', 'MACAPA / AP', 'compras_eb@grupoalap.com.br'),
(278, '000249-FARMACIA ULTRA POPULAR EPP 19.870.579/0001-71', 'AVENIDA TREZE DE SETEMBRO - 2171 BURITIZAL', '(96) 3241-5701 / (96) 3242-8175', '68.902-865', 'FARMACIA ULTRA POPULAR EP 030483336 FARMACIA ULTRA POPULAR EP', 'MACAPA / AP', 'farmapop.compras@outlook.com'),
(279, '000268-FARMACIA SUPER POPULAR LTDA EPP 21.001.431/0001-42', 'AVENIDA IRINEU LIMA DE SOUZA - 130 JARDIM MARCO ZERO', '(96) 3241-5701 / (96) 3241-1975', '68.903-192', 'FARMACIA SUPER POPULAR LT 030496047 FARMACIA SUPER POPULAR LT', 'MACAPA / AP', 'farmapop.compras@outlook.com'),
(280, '000272-VENANCIO E TULLI LTDA EPP 28.993.713/0001-12', 'AVENIDA PADRE JÚLIO MARIA LOMBAERD - 2832G SANTA RITA', '(96) 3241-5701 / (96) 3241-1975', '68.901-283', 'VENANCIO E TULLI LTDA EPP 030579457 VENANCIO E TULLI LTDA EPP', 'MACAPA / AP', 'farmapop.compras@outlook.com'),
(281, '000273-DROGARIA DO CIDADAO LTDA 29.956.762/0001-48', 'RUA CÂNDIDO MENDES - 908 CENTRAL', '(96) 3241-5701 / (96) 3223-6477', '68.900-100', 'DROGARIA DO CIDADAO LTDA 030585562 DROGARIA DO CIDADAO LTDA', 'MACAPA / AP', 'farmapop.compras@outlook.com'),
(282, '000222-FARMAPOP LTDA EPP 17.974.003/0001-29', 'RUA SANTOS DUMONT - 2577A BURITIZAL', '(96) 3241-5701 / (96) 3217-6366', '68.902-880', 'FARMAPOP LTDA EPP 030460514 FARMAPOP LTDA EPP', 'MACAPA / AP', 'farmapop.compras@outlook.com'),
(283, '000227-DROGÃO POPULAR LTDA EPP 18.393.870/0001-33', 'RUA GUANABARA - 768 PACOVAL', '(96) 3241-5701 / (96) 3223-0635', '68.908-360', 'DROGÃO POPULAR LTDA EPP 030466563 FARMACIA DO REMEDIO POPUL', 'MACAPA / AP', 'farmapop.compras@outlook.com'),
(284, '000219-VENANCIO E VENANCIO LTDA ME 11.242.801/0001-80', 'RUA GENERAL RONDON - 1046A CENTRAL', '(96) 3241-5701 / (96) 3222-3301', '68.900-082', 'VENANCIO E VENANCIO LTDA 030347343 VENANCIO E VENANCIO LTDA', 'MACAPA / AP', 'farmapop.compras@outlook.com'),
(285, '000349-FARMACIA POPULAR LTDA EPP 13.444.801/0001-98', 'RUA ADILSON JOSÉ PINTO PEREIRA - 879A SÃO LÁZARO', '(96) 3251-6759', '68.908-571', 'FARMACIA POPULAR LTDA EPP 030396484 FARMACIA POPULAR LTDA EPP', 'MACAPA / AP', 'farmapop.compras03@hotmail.com'),
(286, '000312-M. PESENTI IMPORTAÇÃO E EXPORTAÇÃO LTDA 12.355.643/0001-37', 'AVENIDA PRESIDENTE GETÚLIO VARGAS - 182 CENTRAL', '(96) 3222-4241', '68.900-070', 'M. PESENTI IMPORTAÇÃO E E 030374332 M. PESENTI IMPORTAÇÃO E E', 'MACAPA / AP', 'sofia.pa@bol.com.br'),
(287, '000300-COSTA E MIRANDA LTDA 27.259.922/0002-55', 'RAMAL DAS BENÇÕES - 3000 JARDIM MARCO ZERO', '(96) 98102-1700 / (96) 99119-9692', '68.903-388', 'COSTA E MIRANDA LTDA 030585821 COSTA E MIRANDA LTDA', 'MACAPA / AP', 'compras@hdldistribuidora.com.br'),
(288, '000354-CUIDA BEM FARMA LTDA EPP 27.501.363/0001-67', 'RUA SÃO JOSÉ - 2307B CENTRAL', '(96) 3241-5701', '68.900-110', 'CUIDA BEM FARMA LTDA EPP 030575044 CUIDA BEM FARMA LTDA EPP', 'MACAPA / AP', 'farmapop.ap14@hotmail.com'),
(289, '000388-A. L. COM. E REP. LTDA 05.320.902/0004-71', 'RUA PROFESSOR TOSTES - 3474 CENTRAL', '(96) 3223-7008', '68.900-022', 'A. L. COM. E REP. LTDA 030449286 A. L. COM. E REP. LTDA', 'MACAPA / AP', 'compras_eb@grupoalap.com.br'),
(290, '000510-O. N. M. MIRANDA LTDA EPP 03.600.051/0001-42', 'RAMAL DAS BENÇÕES - 2000 JARDIM MARCO ZERO', '(96) 98102-1700 / (96) 99119-9692', '68.903-388', 'O. N. M. MIRANDA LTDA EPP 030217814 O. N. M. MIRANDA LTDA EPP', 'MACAPA / AP', 'compras@hdldistribuidora.com.br'),
(291, '000546-J. LOPES DA SILVA 09.381.171/0001-82', 'AVENIDA PADRE JÚLIO MARIA LOMBAERD - 875 CENTRAL', '(96) 3223-8472', '68.900-030', 'J. LOPES DA SILVA 030317541 J. LOPES DA SILVA', 'MACAPA / AP', 'lindacosmeticos@bol.com.br'),
(292, '000095-DANIEL VIEIRA CABRAL COSM. LTDA 15.311.105/0002-10', 'RUA JOAQUIM HONORIO - 33 CENTRO', '(84) 3331-2845', '59.500-000', 'DANIEL VIEIRA CAB. FILIAL 204254418 DANIEL VIEIRA CAB. FILIAL', 'MACAU / RN', 'ldocabeleireiro@ig.com.br'),
(293, '000185-LEO COSMETICOS E PERFUMARIA EIRELI ME 15.629.894/0001-50', 'AVENIDA MACEIÓ - 808 TABULEIRO DO MARTINS', '(82) 3324-1064 / (82) 98731-9248', '57.061-110', 'LEO COSMETICOS E PERFUMAR 242671543 LEO COSMETICOS E PERFUMAR', 'MACEIO / AL', 'leandros_nascimento@hotmail.com'),
(294, '000419-RONALDO BRANDÃO 208.683.834-49', 'RUA F - 14 SERRARIA', '(82) 99606-4597', '57.046-806', 'RONALDO BRANDÃO 2001000211 RONALDO BRANDÃO', 'MACEIO / AL', 'brandaorc7@gmail.com'),
(295, '000409-CARLANE DA MOTA CALDERARO 25.094.662/0001-07', 'RUA MAURÍCIO LOPES - 88 ZUMBI DOS PALMARES', '(92) 99342-4860', '69.084-622', 'CARLANE DA MOTA CALDERARO 053920031 CARLANE DA MOTA CALDERARO', 'MANAUS / AM', 'teixeiraeandrade@hotmail.com'),
(296, '000372-COPEL COM. DE COSMETICOS 05.211.670/0001-70', 'RUA 24 DE MAIO - 233 CENTRO', '(92) 3622-9375', '69.010-080', 'COPEL COM. DE COSMETICOS 041533135 COPEL COM. DE COSMETICOS', 'MANAUS / AM', 'compras@copelcosmeticos.com.br'),
(297, '000373-DONNA FLORA COM. DE COSMETICOS 22.446.832/0001-79', 'RUA CORONEL SÉRGIO PESSOA - 81 CENTRO', '(92) 3347-0113', '69.005-030', 'BARATAO DOS COSMETICOS 053668448 BARATAO DOS COSMETICOS', 'MANAUS / AM', 'terezinha_extra@yahoo.com.br'),
(298, '000511-BRAZ E AZEVEDO COMERCIO DE COSMETICOS 14.457.879/0001-00', 'RUA PROFESSOR FÉLIX VALOIS - 57 CIDADE NOVA', '(92) 3645-5130', '69.095-010', 'BRAZ E AZEVEDO COMERCIO D 042364167 BRAZ E AZEVEDO COMERCIO D', 'MANAUS / AM', 'miro.cabeleireiros@hotmail.com'),
(299, '000236-ROGERIO BATISTA MARTINS 26.020.059/0001-35', 'AVENIDA TENENTE JOSÉ ARNAUD - 434 GILBERTO MESTRINHO', '(92) 3638-7287', '69.086-660', 'ROGERIO BATISTA MARTINS ISENTO ROGERIO BATISTA MARTINS', 'MANAUS / AM', 'teixeiraeandrade@hotmail.com'),
(300, '000233-N. E. COMERCIO DE COSMETICOS LTDA 10.382.079/0001-16', 'RUA NAGIB MUTRAN - 375 B CIDADE NOVA', '(94) 3324-1819', '68.501-570', 'N. E. COMERCIO DE COSMETI 152783105 N. E. COMERCIO DE COSMETI', 'MARABA / PA', 'novotokcompras@hotmail.com'),
(301, '000202-TRIANGULO DROGARIA LTDA 26.951.807/0003-65', 'RODOVIA BR-222 Nº 10 KM - 02 SÃO FÉLIX II', '(94) 3322-1010 / (94) 99290-8088', '68.513-751', 'TRIANGULO DROGARIA LTDA 155976966 TRIANGULO DROGARIA LTDA', 'MARABA / PA', 'netethomazultrapopular@gmail.com'),
(302, '000277-J. L. DISTRIBUIÇÃO LTDA 19.316.461/0001-04', 'ACE FOLHA17 QUADRA 22 LOTE 01 - SL A NOVA MARABÁ', '(94) 3323-5402 / (94) 99113-7435', '68.505-520', 'J. L. DISTRIBUIÇÃO 154316113 J. L. DISTRIBUIÇÃO', 'MARABA / PA', 'jldistribuicao@outlook.com'),
(303, '000230-MENEZES E NASCIMENTO COMERCIO LTDA 18.726.663/0001-53', 'AVENIDA PARAÍSO QUADRA 04 - LT16 INDEPENDÊNCIA', '(94) 3222-1324', '68.501-080', 'MENEZES E NASCIMENTO COME 154207799 MENEZES E NASCIMENTO COME', 'MARABA / PA', 'gustavoskafe@yahoo.com.br'),
(304, '000339-E. GONÇALVES DA SILVA 03.480.552/0001-32', 'QUADRA DEZ FOLHA 28 - LOTE4 NOVA MARABÁ', '(94) 3322-7959', '68.508-100', 'E. GONÇALVES DA SILVA 152080929 E. GONÇALVES DA SILVA', 'MARABA / PA', 'novotokcompras@hotmail.com'),
(305, '000120-COMERCIO MODERNO LTDA ME 11.555.690/0001-61', 'AVENIDA ANTÔNIO VILHENA - 505 B INDEPENDÊNCIA', '(94) 3324-2553', '68.501-130', 'FARMACIA MODERNA 152961550 FARMACIA MODERNA', 'MARABA / PA', 'ludarocha72@hotmail.com'),
(306, '000084-TRIANGULO DROGARIA LTDA 26.951.807/0002-84', 'RUA NAGIB MUTRAN - 151 CIDADE NOVA', '(94) 3322-1010 / (94) 99290-8088', '68.501-570', 'TRIANGULO DROGARIA LTDA 155976958 TRIANGULO DROGARIA LTDA', 'MARABA / PA', 'netethomazultrapopular@gmail.com'),
(307, '000562-WESLEY MENDES 29.004.315/0001-99', 'QUADRA ZERO FOLHA 28 Nº - 25 NOVA MARABÁ', '(94) 99161-3580', '68.506-000', 'WESLEY MENDES 155829459 WESLEY MENDES', 'MARABA / PA', 'mendes.wesley926@gmail.com'),
(308, '000457-J. B. DISTRIBUIDORA DE COSMETICOS LTDA 09.246.066/0001-30', 'QUADRA DOIS FOLHA 32 - 02 NOVA MARABÁ', '(94) 98157-6298', '68.508-020', 'J. B. MARABÁ 152677518 J. B. MARABÁ', 'MARABA / PA', 'gustavoskafe@yahoo.com.br'),
(309, '000442-G. A. COMERCIO DE COSMETICOS LTDA 18.053.817/0001-93', 'TRAVESSA SANTA TERESINHA - 406 VELHA MARABÁ', '(94) 3322-8120', '68.500-440', 'G. A. COMERCIO DE COSMETI 154085057 G. A. COMERCIO DE COSMETI', 'MARABA / PA', 'novotokcompras@hotmail.com'),
(310, '000443-E. A. COMERCIO DE COSMETICOS LTDA 84.140.524/0001-78', 'RODOVIA 222 KM 08 - S/N SAO FELIX I', '(94) 3321-9970', '68.514-300', 'E. A. COMERCIO DE COSMETI 151635021 E. A. COMERCIO DE COSMETI', 'MARABA / PA', 'novotokcompras@hotmail.com'),
(311, '000390-JOSE DE RIBAMAR VIEIRA DA SILVA 24.279.684/0001-70', 'AVENIDA CARLOS JEREISSATI - 698 JEREISSATI I', '(85) 98585-0372', '61.900-225', 'JOSE DE RIBAMAR VIEIRA DA 064886018', 'MARACANAU / CE', '001-'),
(312, '000077-A. GOMES E ALMEIDA COMERCIO 03.278.148/0001-80', 'AVENIDA CARLOS JEREISSATI - 663 JEREISSATI I', '(85) 98815-8810', '61.900-225', 'CETIM COSMETICOS 062845063 CETIM COSMETICOS', 'MARACANAU / CE', 'ryckabreu@hotmail.com'),
(313, '000109-C & E COMERCIO DE COSMETICOS LTDA ME 23.644.229/0001-64', 'AVENIDA VI - 25 JEREISSATI I', '(85) 3371-5989', '61.900-670', 'C & E LOJA 02 064753735 C & E LOJA 02', 'MARACANAU / CE', 'ce_cosmeticos@hotmail.com'),
(314, '000303-H. R. S. COMERCIO DE COSMETICOS EIRELI 27.068.688/0001-06', 'AVENIDA CARLOS JEREISSATI - 663 JEREISSATI I', '(85) 98815-8810', '61.900-225', 'CETIM COSM. 02 066389780 CETIM COSM. 02', 'MARACANAU / CE', 'ryckabreu@hotmail.com'),
(315, '000099-MERCIA MARIA FRAGA MOTA ME 05.516.137/0001-17', 'RUA CORONEL MANOEL SOMBRA - 121 CENTRO', '(85) 3341-1191 / (85) 99988-0470', '61.940-160', 'MERCIA MARIA FRAGA MOTA M 066758084 MERCIA MARIA FRAGA MOTA M', 'MARANGUAPE / CE', 'guirlan@hotmail.com'),
(316, '000500-PAULO ROBERTO NOBRE DOS SANTOS 26.814.967/0001-09', 'RUA CORONEL AFRO CAMPOS - 272 CENTRO', '(85) 3341-1191', '61.940-115', 'FEIRAO MARANGUAPE 066305110 FEIRAO MARANGUAPE', 'MARANGUAPE / CE', 'paulo.rnsantos@hotmail.com'),
(317, '000406-ANA CLAUDIA BASTOS PIRES 12.234.711/0001-00', 'RUA RAIMUNDO BARBOSA SANTANA - 264 CENTRO', '(91) 3256-6533 / (91) 98179-1728', '67.200-000', 'ANA CLAUDIA BASTOS PIRES 153074183 ANA CLAUDIA BASTOS PIRES', 'MARITUBA / PA', 'donnabella.cosmeticos@bol.com.br'),
(318, '000539-J. A. DO NASCIMENTO COSMETICOS 21.139.246/0001-19', 'TRAVESSA JOSÉ AMANCIO - 333 CENTRO', '(85) 3643-8115 / (85) 99753-0403', '62.140-000', 'J. A. DO NASCIMENTO COSME 064297624 J. A. DO NASCIMENTO COSME', 'MASSAPE / CE', 'cystenceara@hotmail.com'),
(319, '000315-MARY COSMÉTICOS LTDA 19.578.240/0001-04', 'RUA ALCIDES MARQUES DA SILVA - 250 CENTRO', '(88) 3552-1662 / (88) 99963-7791', '63.210-000', 'MARY COSMÉTICOS LTDA 067220002 MARY COSMÉTICOS LTDA', 'MAURITI / CE', 'guirlan@hotmail.com'),
(320, '000552-FABIANO LEONARDO DO NASCIMENTO 794.193.723-91', 'PRAÇA DO COMERCIO - 47 CENTRO', '(88) 99965-3765', '63.250-000', 'FABIANO LEONARDO DO NASCI 200100125 FABIANO LEONARDO DO NASCI', 'MILAGRES / CE', 'adrianasousa_paula@hotmail.com'),
(321, '000555-R. LEITE QUENTAL 01.028.144/0001-19', 'RUA SOUZA PREZA - 239 CENTRO', '(88) 3553-1715', '63.250-000', 'R. LEITE QUENTAL 069709831 R. LEITE QUENTAL', 'MILAGRES / CE', 'rleitequental@hotmail.com'),
(322, '000149-FRANCISCO LUIS FEITOSA JUNIOR ARMARINHO 08.489.687/0001-82', 'RUA CORONEL JOSE ADERALDO - 76 CENTRO', '(88) 3583-1430', '63.610-000', 'FRANCISCO LUIS FEITOSA JU 062023721 FRANCISCO LUIS FEITOSA JU', 'MOMBACA / CE', 'dfmombacabella@hotmail.com'),
(323, '000323-CLAUDIENE SANTOS FIGUEIREDO 057.518.756-56', 'AVENIDA DAS AMÉRICAS - 79 CONJUNTO RESIDENCIAL', '(38) 99937-6418', '39.404-013', 'CLAUDIENE SANTOS FIGUEIRE 2001100 CLAUDIENE SANTOS FIGUEIRE', 'MONTES CLAROS / MG', 'claudienefigueiredo@hotmail.com'),
(324, '000096-ANA CAROLINE JOVINO ARAUJO ME 13.719.336/0001-50', 'RUA JOAQUIM COROIOLANO ROCHA - 157 CENTRO', '(88) 99930-8249', '62.550-000', 'ANA CAROLINE JOVINO ARAUJ 065623509 ANA CAROLINE JOVINO ARAUJ', 'MORRINHOS / CE', 'carolbijuteriasecosmeticos@gmail.com'),
(325, '000489-CABRAL & SOUZA LTDA ME 05.631.773/0002-70', 'RUA CORONEL VICENTE SABÓIA - 163 CENTRO', '(84) 3331-3866', '59.600-120', 'CABRAL & SOUZA LTDA ME 202386341 CABRAL & SOUZA LTDA ME', 'MOSSORO / RN', 'spacodabelezarn@yahoo.com.br'),
(326, '000509-CLAUDENIR LIMA SANTOS 21.860.402/0001-36', 'RUA CAPITAO MASSARANDUBA - S/N CENTRO', '(91) 99390-2441', '68.825-000', 'CLAUDENIR LIMA SANTOS 154765279 CLAUDENIR LIMA SANTOS', 'MUANA / PA', 'claudenirlsantos@hotmail.com'),
(327, '000105-EUNICE L. DE MEDEIROS - ME 05.693.202/0002-60', 'AVENIDA GOVERNADOR ANTÔNIO DE MELO E SOUZA - 2075 PAJUÇARA', '(84) 3663-2147', '59.123-030', 'EUNICE L. DE MEDEIROS - M 202167976 EUNICE L. DE MEDEIROS - M', 'NATAL / RN', 'novoimport@hotmail.com'),
(328, '000126-ROBERTO CARLOS BISPO DE FREITAS 05.529.152/0001-08', 'RUA MARTINS CORREIA - 118 DIX-SEPT ROSADO', '(84) 3213-9154', '59.054-204', 'ROBERTO CARLOS BISPO DE F 200933833 ROBERTO CARLOS BISPO DE F', 'NATAL / RN', 'dfreitas84@hotmail.com'),
(329, '000332-P. M. E. OLIVEIRA LTDA EPP 04.373.060/0001-00', 'RUA PRINCESA ISABEL - 609 CIDADE ALTA', '(84) 3344-3380', '59.025-400', 'P. M. E. OLIVEIRA LTDA EP 200881337 P. M. E. OLIVEIRA LTDA EP', 'NATAL / RN', 'polianafonseca2009@hotmail.com'),
(330, '000302-W. N. COMERCIO LTDA 18.330.513/0003-98', 'AVENIDA DA CHEGANÇA - 3034 LAGOA AZUL', '(84) 98846-8032', '59.138-000', 'W. N. COMERCIO LTDA 204697042 W. N. COMERCIO LTDA', 'NATAL / RN', 'wilza-nascimento@bol.com.br'),
(331, '000248-RCPX REPRESENTAÇÕES EIRELI ME 17.287.238/0001-42', 'RUA RAIMUNDO CHAVES - 2182 CANDELÁRIA', '(84) 98600-9619', '59.064-390', 'RENEÉ REPRESENTAÇÕES ISENTO RENEÉ REPRESENTAÇÕES', 'NATAL / RN', 'renee_pedrosa@hotmail.com'),
(332, '000357-SANDRA PEREIRA DA SILVA 05.238.796/0001-39', 'R. DONA FRANCISCA STARDOTTI - 1168 CENTRO', '(67) 3456-2337', '79.140-000', 'SANDRA PEREIRA DA SILVA 283288213 SANDRA PEREIRA DA SILVA', 'NOVA ALVORADA DO SUL / MS', 'espacomulher@hotmail.com'),
(333, '000455-R. C. M. OLIVEIRA BRAZ COSMETICOS ME 28.237.962/0001-88', 'QUADRA 490 LOTE 02 LOJA - 02 PARQUE ESTRELA DALVA', '(61) 3628-5706', '72.860-453', 'R. C. M. OLIVEIRA BRAZ CO 106995871 R. C. M. OLIVEIRA BRAZ CO', 'NOVO GAMA / GO', 'casacosmeticospedregal@gmail.com'),
(334, '000253-C. V. CHAVEIRO LTDA EPP 13.942.886/0001-34', 'AVENIDA DAS NAÇOES - 2641 CENTRO', '(94) 99148-5213', '68.390-000', 'SUPERMERCADO CHAVEIRO 153416769 SUPERMERCADO CHAVEIRO', 'OURILANDIA DO NORTE / PA', 'superchaveiro@hotmail.com'),
(335, '000316-TOMASI E TOMASI COMERCIO VAREJISTA 09.144.384/0001-90', 'AV. DAS NAÇÕES - 1785 CENTRO', '(94) 99133-2254', '68.390-000', 'TOMASI E TOMASI COMERCIO 152661336 TOMASI E TOMASI COMERCIO', 'OURILANDIA DO NORTE / PA', 'gustavoskafe@yahoo.com.br'),
(336, '000314-SILVIA HELENA ROCHA DE ALBUQUERQUE 398.986.953-15', 'RUA ENGENHEIRO JOÃO BOSCO - 190 CENTRO', '(85) 3348-1502 / (85) 98830-8780', '62.870-000', 'D. B. DA SILVA SÁ 063664062 D. B. DA SILVA SÁ', 'PACAJUS / CE', 'ds_cabelosecorpo@live.com'),
(337, '000435-FATOR DISTRIBUIDORA DE COSMETICOS 24.746.678/0001-86', 'RUA POETA JOSE MARTINS - 573 CENTRO', '(88) 3411-3281', '62.870-000', 'FATOR DISTRIBUIDORA DE CO 065324455 FATOR DISTRIBUIDORA DE CO', 'PACAJUS / CE', 'escritorio-erbm@hotmail.com'),
(338, '000446-D. B. DA SILVA SÁ 10.247.611/0001-92', 'RUA ENGENHEIRO JOAO BOSCO - 190 CENTRO', '(85) 3348-1502 / (85) 98830-8780', '62.870-000', 'D. B. DA SILVA SÁ 063664062 D. B. DA SILVA SÁ', 'PACAJUS / CE', 'ds_cabelosecorpo@live.com'),
(339, '000382-COSTA E MENDES COMÉRCIO VAREJISTA 12.931.240/0001-99', 'RUA CONEGO EDUARDO ARARIPE - 1620 CENTRO', '(85) 99131-4420', '62.870-000', 'COSTA E MENDES COMÉRCIO V 064201961', 'PACAJUS / CE', '001-'),
(340, '000531-F. ERENILCE DA SILVA 28.288.559/0001-88', 'RUA LUIS CLAUDIO – 328 LJ 05 CENTRO', '(85) 3348-3203', '62.870-000', 'F. ERENILCE DA SILVA 066625297 F. ERENILCE DA SILVA', 'PACAJUS / CE', 'emporiocosmeticos20@gmail.com'),
(341, '000353-MB COMERCIAL DE COSMETICOS EIRELI ME 27.483.794/0001-48', 'QUADRA 104 NORTE AVENIDA JUSCELINO KUBITSCHEK - CJ 01 LOTE 16 SALA 02 PLANO DIRETOR NORTE', '(63) 3215-7435', '77.006-014', 'MB COMERCIAL DE COSMETICO 294795260 MB COMERCIAL DE COSMETICO', 'PALMAS / TO', 'geancharle.alves@gmail.com'),
(342, '000301-BELLA COSMETICOS LTDA ME 07.272.463/0001-51', 'QUADRA 1206 SUL ALAMEDA 18 - SL6 PLANO DIRETOR SUL', '(63) 3217-2933', '77.024-450', 'BELLA PALMAS TO 293855722 BELLA PALMAS TO', 'PALMAS / TO', 'bellacosmeticosltda@hotmail.com'),
(343, '000234-C. T. OHKUBO E CIA LTDA 02.953.592/0001-91', 'ACSE I CONJ 04 LOTE - 41 CENTRO', '(63) 3215-1718', '77.100-050', 'C. T. OHKUBO E CIA LTDA 290632900 C. T. OHKUBO E CIA LTDA', 'PALMAS / TO', 'loja_palmas@bazarohkubo.com.br'),
(344, '000117-M. F. FARIAS ME 33.644.717/0001-25', 'QUADRA 104 SUL AVENIDA LO 1 - SL 7 PLANO DIRETOR SUL', '(63) 3215-6065', '77.020-020', 'M. F. FARIAS ME 290288070 M. F. FARIAS ME', 'PALMAS / TO', 'visualloja@yahoo.com.br'),
(345, '000347-L. J. COSMÉTICOS LTDA ME 14.672.881/0001-00', 'RUA QUINZE DE NOVEMBRO - 151 CENTRO', '(91) 3729-3992 / (91) 99221-0363', '68.625-200', 'L. J. COSMÉTICOS LTDA ME 153554355 L. J. COSMÉTICOS LTDA ME', 'PARAGOMINAS / PA', 'lillian-junior@hotmail.com'),
(346, '000037-MARGARIDA TABOSA NETA ME 08.799.836/0001-00', 'RUA DOMINGOS BARROSO - 101 CENTRO', '(85) 99221-8100', '62.685-000', 'MARGARIDA TABOSA NETA ME 062076817 MARGARIDA TABOSA NETA ME', 'PARAIPABA / CE', 'helderfinanceiro@peloepelecosmeticos.com.br'),
(347, '000122-FRANCISCO PEREIRA ROCHA 28.494.651/0001-02', 'RUA SOL POENTE - 10 RIO VERDE', '(94) 99206-2662', '68.515-000', 'FRANCISCO PEREIRA ROCHA 155751883 FRANCISCO PEREIRA ROCHA', 'PARAUAPEBAS / PA', 'mariabellacosmeticos@outlook.com'),
(348, '000196-PERFUMARIA BELLA NOVA LTDA ME 26.438.902/0001-06', 'RUA 14 Nº 158 - A UNIAO', '(94) 3346-1174', '68.515-000', 'PERFUMARIA BELLA NOVA LTD 155415557 PERFUMARIA BELLA NOVA LTD', 'PARAUAPEBAS / PA', 'cosmeticosbellanov@gmail.com'),
(349, '000564-FARMACIA ZERO HORA LTDA 10.777.659/0001-02', 'RUA 10 Nº - 210 CIDADE NOVA', '(94) 3346-1835 / (94) 98117-3559', '68.515-000', 'FARMACIA ZERO HORA LTDA 152852743 FARMACIA ZERO HORA LTDA', 'PARAUAPEBAS / PA', 'fabianaalves0hora@yahoo.com.br'),
(350, '000557-NATALIA CARVALHO OLIVEIRA ME 28.839.485/0001-20', 'RUA ALCENOR CANDEIRA - 600 CENTRO', '(86) 99417-9141', '64.200-190', 'NATALIA CARVALHO OLIVEIRA 196085012 NATALIA CARVALHO OLIVEIRA', 'PARNAIBA / PI', 'mic.amasrep@hotmail.com'),
(351, '000421-LIMA E VAZ COMERCIO ATACADISTA 10.261.447/0001-78', 'RUA GUAPORÉ - 1360 BOA ESPERANÇA', '(86) 99469-2020', '64.215-280', 'LIMA E VAZ COMERCIO ATACA 194684091 LIMA E VAZ COMERCIO ATACA', 'PARNAIBA / PI', 'michelle.phb@hotmail.com'),
(352, '000434-M. OLIVEIRA LIMA ME 07.458.312/0001-92', 'AVENIDA DEPUTADO PINHEIRO MACHADO - 1316 PIAUÍ', '(86) 99469-2020', '64.208-345', 'LIMA E VAZ 194577872', 'PARNAIBA / PI', 'michelle.phb@hotmail.com'),
(353, '000371-SEMPRE BELA PRODUTOS DE BELEZA 17.008.885/0002-59', 'AVENIDA SÃO SEBASTIÃO - 1381 NOSSA SENHORA DE FÁT', '(82) 3000-0000', '64.202-020', 'SEMPRE BELA PRODUTOS DE B 195878302', 'PARNAIBA / PI', '001-'),
(354, '000497-ROZA COSMETICOS 12.550.915/0001-50', 'RUA MARQUÊS DO HERVAL - 268B CENTRO', '(86) 3323-1647 / (86) 99417-9141', '64.200-340', 'ROZA COSMETICOS 194791165', 'PARNAIBA / PI', '001-'),
(355, '000139-J. B. DE ARAUJO SOBRINHO ME 24.207.931/0001-23', 'PRAÇA DA GRAÇA - 662 CENTRO', '(86) 99513-7789', '64.200-305', 'J. B. DE ARAUJO SOBRINHO 195769058 J. B. DE ARAUJO SOBRINHO', 'PARNAIBA / PI', 'narunamenina@hotmail.com'),
(356, '000260-A. G. NASCIMENTO COSMETICOS LTDA 05.910.762/0001-49', 'RUA HUMBERTO DE CAMPOS - 439 CENTRO', '(86) 3322-8886', '64.200-380', 'A. G. NASCIMENTO COSMETIC 194526518 A. G. NASCIMENTO COSMETIC', 'PARNAIBA / PI', 'a.g.cosmeticos@hotmail.com'),
(357, '000218-W. N. COMERCIO LTDA 18.330.513/0002-07', 'RUA QUINTINO BOCAIUVA - 48 CENTRO', '(84) 3333-3464', '59.900-000', 'W. N. COMERCIO LTDA 204450748 W. N. COMERCIO LTDA', 'PAU DOS FERROS / RN', 'wilza-nascimento@bol.com.br'),
(358, '000404-NATERCIO RANULFO DE LIMA FILHO 09.169.389/0001-78', 'AVENIDA LINDOLFO COLLOR - 53 PARATIBE', '(81) 98795-9812', '53.413-150', 'NATERCIO RANULFO DE LIMA 035851589 NATERCIO RANULFO DE LIMA', 'PAULISTA / PE', 'gilvania1x@hotmail.com'),
(359, '000201-EDILSON JERONIMO DE MELO 03.421.866/0001-64', 'RUA PROFESSOR GETULIO RODRIGUES GUEDES - 02 CENTRO', '(81) 3635-1545', '58.328-000', 'EDILSON JERONIMO DE MELO 161257372 EDILSON JERONIMO DE MELO', 'PEDRAS DE FOGO / PB', 'farmacia_centralpf@hotmail.com'),
(360, '000263-M. M. COMERCIO VAREJISTA LTDA 07.466.183/0001-84', 'PRAÇA SATURNINO BELO - 668 CENTRO', '(99) 3642-1791', '65.725-000', 'M. M. COMERCIO VAREJISTA 122207351 M. M. COMERCIO VAREJISTA', 'PEDREIRAS / MA', 'varejao.chicote@hotmail.com'),
(361, '000480-M. M. S. DA COSTA COMERCIO 22.556.700/0001-08', 'RUA MANECO REGO - 229 CENTRO', '(98) 99964-4845', '65.725-000', 'M. M. S. DA COSTA COMERCI 124665527 M. M. S. DA COSTA COMERCI', 'PEDREIRAS / MA', 'fontouraleite@yahoo.com.br'),
(362, '000481-FRANCISCO DE ASSIS FERNANDES DA SILVA 13.731.789/0001-00', 'RUA OSCAR GALVAO - 184 CENTRO', '(99) 3642-1791 / (99) 3642-2132', '65.725-000', 'FRANCISCO DE ASSISI FERNA 123591538 FRANCISCO DE ASSISI FERNA', 'PEDREIRAS / MA', 'varejao.chicote@hotmail.com'),
(363, '000527-FRANCISCO IRACEMA MOTA GOMES 15.382.873/0001-83', 'RUA ADOLFO CARNEIRO - 169 CENTRO', '(85) 3352-1140 / (85) 99209-7805', '62.640-000', 'FRANCISCO IRACEMA MOTA GO 065988930 FRANCISCO IRACEMA MOTA GO', 'PENTECOSTE / CE', 'maisoncosmeticos1@hotmail.com'),
(364, '000376-JOSÉ BORGES GONÇALVES 08.543.641/0001-02', 'RUA ZUZA LINO - 913 CANTO DA VARZEA', '(89) 99919-5624', '64.600-160', 'JOSÉ BORGES GONÇALVES 194615006 JOSÉ BORGES GONÇALVES', 'PICOS / PI', 'valdirenejb@hotmail.com'),
(365, '000092-ANTONIA GIRLEIDE AURELIANO SOARES 41.268.194/0001-98', 'PRACA FELIX PACHECO - 654 CENTRO', '(89) 3422-1265', '64.600-000', 'ANTONIA GIRLEIDE AURELIAN 194215490 ANTONIA GIRLEIDE AURELIAN', 'PICOS / PI', 'cabelosbonitospi@yahoo.com.br'),
(366, '000078-A. C. R. DA SILVA 03.562.362/0001-64', 'RUA DA BALANÇA - 13 CENTRO', '(98) 3654-3574', '65.370-000', 'A. C. R. DA SILVA 121756971 A. C. R. DA SILVA', 'PINDARE-MIRIM / MA', 'supermercadocarcara@hotmail.com'),
(367, '000482-I. DE J. F. LIMA 23.875.671/0001-00', 'PRAÇA FLORIANO SILVA - 125 CENTRO', '(98) 3654-3574', '65.370-000', 'I. DE J. F. LIMA 124818765 I. DE J. F. LIMA', 'PINDARE-MIRIM / MA', 'supermercadocarcara@hotmail.com'),
(368, '000189-VIP COSMETICOS PERFUMARIA LTDA 14.270.609/0001-95', 'QUADRA QA 3 MC 5 LOJA - 1 SETOR LESTE', '(61) 3637-2852', '73.752-103', 'VIP COSMETICOS PERFUMARIA 105138789 VIP COSMETICOS PERFUMARIA', 'PLANALTINA / GO', 'thiagochaves2004@hotmail.com'),
(369, '000130-L. M. DOS SANTOS COSMETICOS ME 21.506.387/0001-22', 'RUA DO COMÉRCIO - 111 CENTRO', '(81) 99271-6013', '55.630-000', 'L. M. DOS SANTOS COSMETIC 060372168 L. M. DOS SANTOS COSMETIC', 'POMBOS / PE', 'dalice_cosmeticos@outlook.com'),
(370, '000182-APARECIDA ELISETE DE OLIVEIRA 022.573.968-20', 'RUA CLEA MERCES - 4557 AGENOR DE CARVALHO', '(21) 96430-6013', '76.820-324', 'APARECIDA ELISETE DE OLIV 2001100153 APARECIDA ELISETE DE OLIV', 'PORTO VELHO / RO', 'elisaconsultoradevendas@gmail.com'),
(371, '000178-DANILO OLIVEIRA DA SILVA 955.136.982-34', 'RUA ALEXANDRE GUIMARÃES - 1958 AREAL', '(69) 99232-6898 / (99) 257-9332', '76.804-374', 'DANILO OLIVEIRA DA SILVA 20001144 DANILO OLIVEIRA DA SILVA', 'PORTO VELHO / RO', 'danilisilva27@gmail.com'),
(372, '000246-REBECA TOSCANO 032.964.212-03', 'RUA FERNANDO DE NORONHA - 4067 ELETRONORTE', '(92) 99342-4860', '76.808-622', 'REBECA TOSCANO 200100211 REBECA TOSCANO', 'PORTO VELHO / RO', 'rebeca.tj@outlook.com'),
(373, '000284-DEVANIR ALCANTARA NOGUEIRA 572.076.232-91', 'TRAVESSA XAPURI - 727 VILA EXTREMA', '(85) 98611-4412', '76.847-000', 'DEVANIR ALCANTARA NOGUEIR 2001100215 DEVANIR ALCANTARA NOGUEIR', 'PORTO VELHO / RO', 'devaniralcantara@hotmail.com'),
(374, '000229-VANIA M. S. L. NOGUEIRA ME 04.188.760/0001-25', 'RUA ORFILENO GOMES - 145 CENTRO', '(99) 3663-1499', '60.000-657', 'VANIA M. S. L. NOGUEIRA M 121796876 VANIA M. S. L. NOGUEIRA M', 'PRESIDENTE DUTRA / MA', 'vaniacosmeticos@hotmail.com'),
(375, '000157-J. DA CRUZ PACHECO 11.965.570/0001-32', 'TRAVESSA PEDRO SERENO - 42 CENTRO', '(99) 3663-3285', '65.760-000', 'J. DA CRUZ PACHECO 123322693 J. DA CRUZ PACHECO', 'PRESIDENTE DUTRA / MA', 'pacheco-cmt@hotmail.com'),
(376, '000326-M. V. LARA RODRIGUES EPP 17.875.590/0001-07', 'RUA PIRACICABA - 930 CENTRO', '(66) 3497-3423', '78.850-000', 'M. V. LARA RODRIGUES EPP 134819187 M. V. LARA RODRIGUES EPP', 'PRIMAVERA DO LESTE / MT', 'rededocosmetico@hotmail.com'),
(377, '000142-LUIS GILSON FERNANDES DE LIMA 08.563.069/0001-35', 'RUA RUI MAIA - 700 CENTRO', '(88) 3412-5426', '63.900-000', 'LUIS GILSON FERNANDES DE 068640579 LUIS GILSON FERNANDES DE', 'QUIXADA / CE', 'novacosmeticosloja1@hotmail.com'),
(378, '000445-F. A. DA SILVA COSMETICOS ME 16.648.110/0001-02', 'RUA ABILIO SILVA - 125 CENTRO', '(88) 3441-4129', '63.800-000', 'F. A. DA SILVA COSMETICOS 066114276 F. A. DA SILVA COSMETICOS', 'QUIXERAMOBIM / CE', 'mixxcosmetico@hotmail.com'),
(379, '000407-J. CORREA DOS SANTOS ME 27.704.210/0001-17', 'AV. PRINCIPAL LOTE 484 QUADRA 01 - S/N CENTRO', '(98) 98890-7395', '66.138-970', 'J. CORREA DOS SANTOS ME 125246145 J. CORREA DOS SANTOS ME', 'RAPOSA / MA', 'fontouraleite@yahoo.com.br'),
(380, '000447-ANDRÉ XAVIER FERNANDES 489.159.204-49', '2ª TRAVESSA WALDEMAR REIS DO REGO - 173 IPUTINGA', '(81) 99793-6763', '50.731-210', 'ANDRÉ XAVIER FERNANDES 3106601 ANDRÉ XAVIER FERNANDES', 'RECIFE / PE', 'andrefernandesrec@terra.com.br'),
(381, '000465-BECOREL BELEZA COMERCIO DE COSMETICOS 12.806.592/0001-12', 'RUA FLORENTINO OLÍMPIO DOS SANTOS - 200 AFOGADOS', '(81) 3205-3599', '50.830-470', 'BECOREL BELEZA COMERCIO D 13629336 BECOREL BELEZA COMERCIO D', 'RECIFE / PE', 'logistica@becorel.com.br'),
(382, '000209-ELIANA RODRIGUES 41.090.234/0001-54', 'AVENIDA DEZESSETE DE AGOSTO - 137 PARNAMIRIM', '(81) 98795-5839', '52.060-590', 'DEPILON SALAO 038333058 DEPILON SALAO', 'RECIFE / PE', 'depillon@hotmail.com'),
(383, '000225-ELIANA RODRIGUES PELUCIO 388.024.224-00', 'RUA DOS NAVEGANTES - 2266 BOA VIAGEM', '(81) 98795-5839', '51.020-180', 'ELIANA RODRIGUES PELUCIO 20010021 ELIANA RODRIGUES PELUCIO', 'RECIFE / PE', 'depillon@yahoo.com.br'),
(384, '000193-LOUREIRO E MELO LTDA 07.334.834/0001-82', 'AV. BRASIL - 2774A CENTRO', '(94) 3424-1809', '68.550-970', 'LOUREIRO E MELO LTDA 152451005 LOUREIRO E MELO LTDA', 'REDENCAO / PA', 'loja_redencao@bazarohkubo.com.br'),
(385, '000313-C. PEREIRA NOGUEIRA EIRELI 02.019.968/0001-95', 'RUA CARAZINHO - 81 CENTRO', '(94) 3326-4141', '68.638-000', 'C. PEREIRA NOGUEIRA EIREL 151956774 C. PEREIRA NOGUEIRA EIREL', 'RONDON DO PARA / PA', 'gustavoskafe@yahoo.com.br'),
(386, '000472-C. M. MENDES ME 20.656.016/0002-45', 'AV. MARECHAL RONDON - 1077 CENTRO', '(94) 99183-1520', '68.638-000', 'C. M. MENDES ME 154878286 C. M. MENDES ME', 'RONDON DO PARA / PA', 'sofia.pa@bol.com.br'),
(387, '000116-ALDILEIDE DA SILVA RODRIGUES ME 11.422.800/0001-17', 'RUA DR. PEDRO MEDEIROS - 214 CENTRO', '(84) 3291-3412', '59.200-000', 'ALDILEIDE DA SILVA RODRIG 202253732 ALDILEIDE DA SILVA RODRIG', 'SANTA CRUZ / RN', 'jmarciopereira@ig.com.br'),
(388, '000517-FARDIN E MULLER LTDA ME 23.047.977/0001-60', 'RUA JULIO DE CASTILHOS - 213 CENTRO', '(51) 3053-1040', '96.810-042', 'FARDIN E MULLER LTDA ME 1080185680 FARDIN E MULLER LTDA ME', 'SANTA CRUZ DO SUL / RS', 'contato@kosmetika.net.br'),
(389, '000199-K. R. DA SILVA 19.580.704/0001-09', 'RUA DO COMÉRCIO - 378 A CENTRO', '(98) 3653-3950', '65.300-000', 'K. R. DA SILVA 124288464 K. R. DA SILVA', 'SANTA INES / MA', 'eli-star52@hotmail.com'),
(390, '000194-E. GADELHA MOREIRA ME 04.191.878/0001-02', 'AV. SANTANA - 1122 AREA COMERCIAL', '(96) 3281-4455', '68.925-000', 'E. GADELHA MOREIRA ME 030223210 E. GADELHA MOREIRA ME', 'SANTANA / AP', 'egadelhamoreirame@hotmail.com'),
(391, '000221-DROGARIA ULTRA POPULAR LTDA EPP 16.889.181/0001-99', 'RUA PEDRO SALVADOR DINIZ - 923A CENTRAL', '(96) 3241-5701 / (96) 3281-2437', '68.925-180', 'DROGARIA ULTRA POPULAR LT 030447348 DROGARIA ULTRA POPULAR LT', 'SANTANA / AP', 'farmapop.compras@outlook.com'),
(392, '000258-J. F. LUCAS DE SOUSA ME 00.808.227/0001-68', 'RUA PEDRO SALVADOR DINIZ - 1015 CENTRAL', '(96) 3283-2481 / (96) 98116-2141', '68.925-180', 'J. F. LUCAS DE SOUSA ME 030319110 J. F. LUCAS DE SOUSA ME', 'SANTANA / AP', 'j_luks_ap@oi.com.br'),
(393, '000474-ELISANGELA DA SILVA CARDOSO 14.688.687/0001-04', 'RUA PEDRO SALVADOR DINIZ - 1053 CENTRAL', '(96) 3222-8180', '68.925-180', 'ELISANGELA DA SILVA CARDO 030421900 ELISANGELA DA SILVA CARDO', 'SANTANA / AP', 'emporiocosmeticosstn@gmail.com'),
(394, '000534-F. EDGAR CARNEIRO ME 12.240.669/0001-30', 'RUA JOÃO CORDEIRO - 111 CENTRO', '(85) 99609-6727', '62.150-000', 'F. EDGAR CARNEIRO ME 062111744 F. EDGAR CARNEIRO ME', 'SANTANA DO ACARAU / CE', 'expedito.augusto@hotmail.com'),
(395, '000471-CARLOS HENRIQUE DE MELO BRANDÃO 35.267.525/0001-72', 'RUA CORONEL LUCENA - 99 CENTRO', '(82) 99606-4597', '57.500-000', 'CARLOS HENRIQUE DE MELO B 248257544 CARLOS HENRIQUE DE MELO B', 'SANTANA DO IPANEMA / AL', 'porrocaal@hotmail.com'),
(396, '000416-DINAMICA COSMETICOS E PERFUMARIA LTDA 17.490.067/0001-54', 'TRAVESSA DOS MÁRTIRES - 148 A CENTRO', '(93) 99177-7997', '68.005-540', 'DINAMICA COSMETICOS E PER 153977752 AMPLA COSMETICOS MOVEIS L', 'SANTAREM / PA', 'casadabelezastm@hotmail.com'),
(397, '000335-DISTRIBUIDORA SANTARÉM DE COSMÉTICOS LTDA 18.179.902/0001-00', 'TRAVESSA QUINZE DE NOVEMBRO - 199 CENTRO', '(93) 3522-5114', '68.005-290', 'DISTRIBUIDORA SANTARÉM DE 154108847 DISTRIBUIDORA SANTARÉM DE', 'SANTAREM / PA', 'semprebelastm@hotmail.com'),
(398, '000098-F. DE AZEVEDO A SILVA 25.164.293/0001-73', 'TRAVESSA DOS MÁRTIRES - 161 CENTRO', '(93) 3522-6651 / (93) 99132-5518', '68.005-540', 'F. DE AZEVEDO A SILVA 155310313 F. DE AZEVEDO A SILVA', 'SANTAREM / PA', 'semprebelaesmalteria@gmail.com'),
(399, '000541-COMERCIAL DE ALIEMENTOS ELOAH EIRELI 28.145.806/0001-97', 'QUADRA 56 LOTE 24 LOJA 02 - S/N CENTRO', '(61) 99909-0097', '72.900-302', 'COMERCIAL DE ALIEMENTOS E 106978993 COMERCIAL DE ALIEMENTOS E', 'SANTO ANTONIO DO DESCOBERTO / GO', 'megarepresentates@gmail.com'),
(400, '000147-MARIA NIECE DE QUEIROZ 07.227.299/0001-60', 'RUA SERGIO SILVEIRA - 336 CENTRO', '(83) 3444-1170', '58.865-000', 'MARIA NIECE DE QUEIROZ 161445209 MARIA NIECE DE QUEIROZ', 'SAO BENTO / PB', 'erinaldopintosb@gmail.com'),
(401, '000288-LEDA DE OLIVEIRA DANTAS EPP 01.848.772/0001-40', 'RUA MOIZANIEL DE CARVALHO - 56 CENTRO', '(84) 3273-3044', '59.162-000', 'LEDA DE OLIVEIRA DANTAS E 201378663 LEDA DE OLIVEIRA DANTAS E', 'SAO JOSE DE MIPIBU / RN', 'lojaledaemporio@gmail.com'),
(402, '000176-MOISELY P. SOARES ME 05.324.065/0001-06', 'AVENIDA GONÇALVES DIAS - 693 CENTRO', '(98) 98890-7395', '65.110-000', 'MOISELY P. SOARES ME 122033353 MOISELY P. SOARES ME', 'SAO JOSE DE RIBAMAR / MA', 'moiselysoares2002@hotmail.com'),
(403, '000440-AMELIA AIRES DE CARVALHO 35.202.878/0001-94', 'ESTRADA DE PANAQUATIRA - 56 J. CAMARA', '(98) 98829-5971', '65.110-000', 'AMELIA AIRES DE CARVALHO 121104095 AMELIA AIRES DE CARVALHO', 'SAO JOSE DE RIBAMAR / MA', 'fontouraleite@yahoo.com.br'),
(404, '000226-CLECIO NOVAES BARROS 01.437.981/0001-00', 'PRACA SA MORAIS - 55 CENTRO', '(87) 3884-1028 / (87) 99962-0846', '56.950-000', 'CLECIO NOVAES BARROS 022921737 CLECIO NOVAES BARROS', 'SAO JOSE DO BELMONTE / PE', 'clecionovaesreino@hotmail.com'),
(405, '000107-CEFAD - FORMACAO PROFISSIONAL LTDA 09.613.460/0001-60', 'RUA SILVA JARDIM - 2825 CENTRO', '(17) 3211-9916 / (17) 98110-8204', '15.010-060', 'CEFAD - FORMACAO PROFISSI 647360151112 CEFAD - FORMACAO PROFISSI', 'SAO JOSE DO RIO PRETO / SP', 'paulo.ristra@uol.com.br'),
(406, '000101-F. S. ALVES E CIA LTDA 24.216.039/0001-09', 'AVENIDA 203 - N 31 CIDADE OPERÁRIA', '(98) 3247-0947', '65.058-181', 'ATREVIDA COSMETICOS 124858597 ATREVIDA COSMETICOS', 'SAO LUIS / MA', 'atrevidacosmeticos@hotmail.com');
INSERT INTO `colaboradores` (`REPRE_Codigo`, `REPRE_Nome`, `REPRE_Endereco`, `REPRE_Telefone`, `REPRE_Cep`, `REPRE_Nome_Fantasia`, `REPRE_Cidade`, `REPRE_Email`) VALUES
(407, '000085-G. F. COMERCIO DE ARTIGOS DE PERF. E COSME. LTDA07.599.997/0001-97', 'RUA GRANDE - 725 CENTRO', '(98) 3221-5999 / (98) 3222-6603', '65.020-250', 'G. F. COMERCIO DE ARTIGOS 122223292 G. F. COMERCIO DE ARTIGOS', 'SAO LUIS / MA', 'simoneduarte2006@yahoo.com.br'),
(408, '000083-ADEILDES P. SOUSA 04.890.313/0001-13', 'AVENIDA BRASIL - 152 OLHO D\'ÁGUA', '(98) 3248-1002', '65.065-070', 'ADEILDES P. SOUSA 121919005 ADEILDES P. SOUSA', 'SAO LUIS / MA', 'sousavariedades@hotmail.com'),
(409, '000088-ATREVIDA COSMETICOS LTDA 06.941.945/0001-94', 'RUA 103 - N 10 CIDADE OPERARIA', '(98) 3247-1457', '65.058-000', 'ATREVIDA COSMETICOS LTDA 122146182 ATREVIDA COSMETICOS LTDA', 'SAO LUIS / MA', 'atrevidacosmeticos@yahoo.com.br 002-GUELTA'),
(410, '000072-A. B. DOS SANTOS COSMETICOS 14.709.804/0001-79', 'FONTE DAS PEDRAS - 125 CENTRO', '(98) 3231-3065', '65.015-400', 'A. B. DOS SANTOS COSMETIC 123735009 A. B. DOS SANTOS COSMETIC', 'SAO LUIS / MA', 'atacadaodoscosmeticos@hotmail.com'),
(411, '000228-C. L. S. CAVALCANTE E CIA LTDA ME 22.359.338/0002-58', 'RUA JACINTO MAIA - 549 CENTRO', '(98) 3231-3065', '65.010-280', 'C. L. S. CAVALCANTE E CIA 124709052 C. L. S. CAVALCANTE E CIA', 'SAO LUIS / MA', 'atacadaodoscosmeticos@hotmail.com'),
(412, '000220-W. S. LOPES COSMETICOS 24.587.604/0001-44', 'AVENIDA MAGALHÃES DE ALMEIDA - 273 CENTRO', '(98) 3232-2248', '65.015-250', 'W. S. LOPES COSMETICOS 124902065 W. S. LOPES COSMETICOS', 'SAO LUIS / MA', 'wlpicodosol@hotmail.com'),
(413, '000330-FELICIANO GOMES DE OLIVEIRA 06.865.130/0001-73', 'AVENIDA BRASIL - 174 OLHO D\'ÁGUA', '(98) 3233-1475', '65.065-070', 'FELICIANO GOMES DE OLIVEI 122143680 FELICIANO GOMES DE OLIVEI', 'SAO LUIS / MA', 'valeriacosmetico@yahoo.com.br'),
(414, '000309-COMERCIAL MARANHENSE DE PERFUMARIA LTDA 01.868.435/0001-15', 'TRAVESSA GUAXENDUBA - 395 OUTEIRO DA CRUZ', '(98) 3243-3302', '65.043-320', 'COMERCIAL MARANHENSE DE P 121568601 COMERCIAL MARANHENSE DE P', 'SAO LUIS / MA', 'livia-paulino@hotmail.com'),
(415, '000292-ELIENE COSTA DE SOUZA 13.548.811/0001-73', 'VILA JANAINA - LJ 01 CIDADE OPERARIA', '(98) 3261-0241', '65.058-130', 'ELIENE COSTA DE SOUZA 123568226 ELIENE COSTA DE SOUZA', 'SAO LUIS / MA', 'luanac.s@hotmail.com'),
(416, '000298-M. FROES MENDES 63.442.719/0001-00', 'AVENIDA JERÔNIMO DE ALBUQUERQUE MARANHÃO - 38 COHAB ANIL I', '(98) 3258-4367', '65.051-210', 'M. FROES MENDES 122780817 M. FROES MENDES', 'SAO LUIS / MA', 'nicy_cosmeticos@hotmail.com'),
(417, '000453-MAGAZINE DOS COSMETICOS 12.742.153/0001-93', 'RUA 103 SE - 29 CIDADE OPERÁRIA', '(98) 3249-2775', '65.058-058', 'MAGAZINE DOS COSMETICOS 123450284 MAGAZINE DOS COSMETICOS', 'SAO LUIS / MA', 'cleciavieira@terra.com.br'),
(418, '000528-CCL COMERCIO DE COSMETICOS LTDA 09.407.698/0001-39', 'AVENIDA JERÔNIMO DE ALBUQUERQUE MARANHÃO - 30 COHAB ANIL III', '(98) 98846-0641', '65.050-175', 'CCL COMERCIO DE COSMETICO 122562461 CCL COMERCIO DE COSMETICO', 'SAO LUIS / MA', 'fontouraleite@yahoo.com.br'),
(419, '000389-JUSELVANE S. ALVES 01.843.201/0001-13', 'VILA JANAINA - 56 CIDADE OPERÁRIA', '(98) 3247-0947', '65.058-130', 'ATREVIDA COSMETICOS 123070783 ATREVIDA COSMETICOS', 'SAO LUIS / MA', 'atrevidacosmeticos@hotmail.com'),
(420, '000368-L. RODRIGUES DA SILVA CAVALCANTE 05.372.422/0001-01', 'RUA QUATRO - 01 B TURU', '(98) 3221-2237', '65.065-610', 'L. RODRIGUES DA SILVA CAV 122047184 L. RODRIGUES DA SILVA CAV', 'SAO LUIS / MA', 'atacadaodoscosmeticos@hotmail.com'),
(421, '000522-E. A. DO NASCIMENTO 13.133.275/0001-45', 'RUA 04 - N36 JARDIM AMÉRICA', '(98) 98723-5888', '65.058-291', 'E. A. DO NASCIMENTO 123517052 E. A. DO NASCIMENTO', 'SAO LUIS / MA', 'atrevidacosmeticos@yahoo.com'),
(422, '000014-M. BARBOSA DE AMORIM 24.114.986/0001-99', 'RUA CANTIDIO NUNES - S/N CENTRO', '(91) 3446-1663', '68.660-000', 'M. BARBOSA DE AMORIM SUPE 155139622 M. BARBOSA DE AMORIM SUPE', 'SAO MIGUEL DO GUAMA / PA', 'fiscaleconomico@hotmail.com'),
(423, '000387-LUCIENE VALENTE MACHADO ROCHA & CIA LTDA 22.844.180/0001-20', 'RUA RAIMUNDO SILVA - 372A CENTRO', '(86) 3582-1977', '64.770-000', 'LUCIENE VALENTE MACHADO R 195622154 LUCIENE VALENTE MACHADO R', 'SAO RAIMUNDO NONATO / PI', 'mic.amasrep@hotmail.com'),
(424, '000576-MARIA KELQUIA DE ARAUJO 21.492.653/0001-05', 'PDE DELMONTE - 71 CENTRO', '(85) 35252-2415', '62.470-000', 'MARIA KELQUIA DE ARAUJO 064420388 MARIA KELQUIA DE ARAUJO', 'SENADOR SA / CE', 'ubaldo163@icloud.com'),
(425, '000102-MALUCAS POR COSMETICOS LTDA ME 09.398.020/0001-37', 'RUA SERGIPE - 69 CENTRO', '(67) 99266-7651', '79.170-000', 'MALUCAS POR COSMETICOS LT 283470100 MALUCAS POR COSMETICOS LT', 'SIDROLANDIA / MS', 'adonis.abrego@hotmail.com'),
(426, '000327-M. VIANY LARA RODRIGUES & CIA LTDA ME 19.157.801/0001-93', 'AVENIDA GOVERNADOR JÚLIO CAMPOS - 1050A SETOR COMERCIAL', '(66) 3532-7308', '78.550-286', 'M. VIANY LARA RODRIGUES & 135182646 M. VIANY LARA RODRIGUES &', 'SINOP / MT', 'rededocosmetico@hotmail.com'),
(427, '000241-LUCAS LIMA RODRIGUES ME 22.697.865/0001-91', 'RUA CORONEL JOSÉ SILVESTRE - 783 CENTRO', '(88) 3613-1235', '62.011-120', 'LUCAS LIMA RODRIGUES ME 064637530 LUCAS LIMA RODRIGUES ME', 'SOBRAL / CE', 'gfcosmeticos@hotmail.com'),
(428, '000018-WALDIANE CRSITINA MONTENEGRO 001.018.123-70', 'RUA CORONEL ADEODATO - 278 CENTRO', '(88) 98829-7828', '60.010-080', 'WISLEN ESPOSA] 2000000 WISLEN ESPOSA]', 'SOBRAL / CE', 'wilenpai@gmail.com'),
(429, '000089-AGUIAR E RODRIGUES LTDA ME 73.486.094/0001-24', 'RUA CORONEL JOSÉ SILVESTRE - 845 CENTRO', '(88) 3614-2297', '62.011-120', 'AGUIAR E RODRIGUES LTDA M 063800349 AGUIAR E RODRIGUES LTDA M', 'SOBRAL / CE', 'patriarcaneto@yahoo.com.br'),
(430, '000074-A. COSMETICA LTDA 08.605.774/0001-58', 'RUA GETÚLIO VARGAS - 14 CENTRO', '(83) 3522-1058', '58.800-110', 'A. COSMETICA LTDA 161511783 A. COSMETICA LTDA', 'SOUSA / PB', 'acosmeticacl@hotmail.com'),
(431, '000325-JANETE FRANCISCA DA SILVA ME 10.968.546/0001-94', 'RUA PRESIDENTE JOÃO PESSOA - 11 CENTRO', '(83) 3521-1885', '58.800-010', 'JANETE FRANCISCA DA SILVA 161622160 JANETE FRANCISCA DA SILVA', 'SOUSA / PB', 'adrianacarla.expert@gmail.com'),
(432, '000567-ESPAÇO BELEZA COSMETICOS EIRELLI 10.583.166/0001-31', 'AV. NATAL - 38 CENTRO', '(91) 99144-4284', '68.695-000', 'ESPAÇO BELEZA COSMETICOS 152818618 ESPAÇO BELEZA COSMETICOS', 'TAILANDIA / PA', 'espacobelezacosmeticos36@gmail.com'),
(433, '000355-R. G. COSMÉTICOS EIRELI 10.408.834/0001-94', 'RUA RUI BARBOSA - 224 MATINHA', '(86) 3221-2120', '64.002-180', 'R. G. COSMÉTICOS EIRELI 194673138', 'TERESINA / PI', '001-'),
(434, '000345-R. R. DE SOUZA REPRESENTAÇÕES DE MERC. EM GERAL09.318.013/0001-88', 'RUA QUINTINO BOCAIÚVA - 866 CENTRO', '(86) 98859-4978', '64.000-270', 'ROBERTO PIAUI 195100174 ROBERTO PIAUI', 'TERESINA / PI', 'roberto.kite@hotmail.com'),
(435, '000311-SIMONE MARIA HOLANDA SILVA 18.669.445/0001-24', 'RUA SENADOR TEODORO PACHECO - 1237 CENTRO', '(83) 3223-3095', '64.001-060', 'SIMONE MARIA HOLANDA SILV 195371380 SIMONE MARIA HOLANDA SILV', 'TERESINA / PI', 'cabelosbonitosthe@gmail.com'),
(436, '000265-COMERCIAL SUPER MAX EIRELI EPP 23.068.153/0001-76', 'AV. PREF. JAQUES NUNES - 1726 CENTRO', '(88) 99218-2186', '62.320-000', 'COMERCIAL SUPER MAX EIREL 064667090 COMERCIAL SUPER MAX EIREL', 'TIANGUA / CE', 'comercialmax@hotmail.com'),
(437, '000266-CARLOS ALBERTO DE OLIVEIRA TEIXEIRA 410.498.103-68', 'RUA TEOFILO RAMOS - 667 CENTRO', '(85) 99662-4943', '62.320-000', 'CARLOS ALBERTO 2001002115 CARLOS ALBERTO', 'TIANGUA / CE', 'carlosalberto@hotmail.com'),
(438, '000299-SERVEBEM COMERCIAL DE ALIMENTOS LTDA 08.220.042/0001-40', 'RUA PREFEITO JACQUES NUNES - 1250 CENTRO', '(88) 3671-1280', '62.320-000', 'SERVEBEM COMERCIAL DE ALI 061991163 SERVEBEM COMERCIAL DE ALI', 'TIANGUA / CE', 'superservebem2010@gmail.com]'),
(439, '000173-M. L. L. OLIVEIRA PERFUMARIA 08.957.345/0001-40', 'AV. PREFEITO JAQUES NUNES - 708 CENTRO', '(88) 3671-1444', '62.320-000', 'M. L. L. OLIVEIRA PERFUMA 062113470 M. L. L. OLIVEIRA PERFUMA', 'TIANGUA / CE', 'lucy.cosmeticos708@hotmail.com'),
(440, '000375-SUPERMERCADO FERNANDO COMERCIAL DE ALIM. 20.468.515/0003-90', 'RUA PREFEITO JAQUES NUNES - 1724 CENTRO', '(88) 3671-1536', '62.320-000', 'SUPERMERCADO FERNANDO COM 063377381 SUPERMERCADO FERNANDO COM', 'TIANGUA / CE', 'p.aguiarcomercialdealimentos@yahoo.com.br'),
(441, '000395-SUPERMERCADO FERNANDO COMERCIAL DE ALIM. 20.468.515/0001-28', 'RUA CONSELHEIRO JOAO LOURENCO - 60 CENTRO', '(88) 3671-1536', '62.320-000', 'SUPER FERNANDO MATRIZ 063377160 SUPER FERNANDO MATRIZ', 'TIANGUA / CE', 'p.aguiarcomercialdealimentos@yahoo.com.br'),
(442, '000506-C. IVONETE ARAUJO ME 05.497.895/0001-35', 'RUA ENFERM. JOSE EVANGELISTA DE VASCONCELOS - 06 CRUZEIRO', '(88) 99474-3139 / (88) 99420-6296', '62.320-000', 'C. IVONETE ARAUJO ME 066755719 C. IVONETE ARAUJO ME', 'TIANGUA / CE', 'crstinaivonete10@hotmail.com'),
(443, '000540-L. M. DE ARAUJO PERFUMARIA 13.099.506/0001-41', 'RUA DEP. MANOEL FRANCISCO - 1235 CENTRO', '(85) 3671-1856 / (85) 99956-0318', '62.320-000', 'L. M. DE ARAUJO PERFUMARI 064236870 L. M. DE ARAUJO PERFUMARI', 'TIANGUA / CE', 'mamaramiranda@bol.com.br'),
(444, '000264-L. R. S. MORAIS DE OLIVEIRA 11.058.779/0001-12', 'AVENIDA FORMOSA - 307 FORMOSA', '(86) 99417-9141', '65.636-180', 'L. R. S. MORAIS DE OLIVEI 123195837 L. R. S. MORAIS DE OLIVEI', 'TIMON / MA', 'mic.amasrep@hotmail.com'),
(445, '000250-V. M. S. DA SILVA COMÉRCIO ME 12.821.333/0001-60', 'RUA FILOMENA MARTINS NAZARENO BRINGEL - 183 PARQUE PIAUÍ', '(86) 99952-3600', '65.631-280', 'V. M. S. DA SILVA COMÉRCI 125488807 V. M. S. DA SILVA COMÉRCI', 'TIMON / MA', 'marygsramos@hotmail.com'),
(446, '000254-DIA A DIA SUPERMERCADO LTDA 19.672.599/0001-38', 'AVENIDA PARÁ - S/N CENTRO', '(94) 3433-1204', '68.385-000', 'DIA A DIA SUPERMERCADO 154384690 DIA A DIA SUPERMERCADO', 'TUCUMA / PA', 'diaadiasup03@gmail.com'),
(447, '000259-PERFUMARIA E COSMETICOS VITORIA LTDA 06.011.553/0001-26', 'AV. PARÁ - S/N CENTRO', '(94) 3433-9426', '68.385-000', 'VITORIA COSMETICOS 152349910 VITORIA COSMETICOS', 'TUCUMA / PA', 'soraya_fatima_@hotmail.com'),
(448, '000565-ZANOL E THOMAZ LTDA EPP 28.464.601/0002-55', 'RUA LAURO SODRÉ - 587 A SÃO JOSÉ', '(94) 3322-1010', '68.456-000', 'ZANOL E THOMAZ LTDA EPP 155796658 ZANOL E THOMAZ LTDA EPP', 'TUCURUI / PA', 'netethomazultrapopular@gmail.com'),
(449, '000391-CAMILA DE ALBUQYERQYE PEREIRA LIMA 07.439.697/0001-40', 'AV. DOS CONSTITUINTES - 213 CENTRO', '(88) 3634-1012', '62.350-000', 'CAMILA DE ALBUQYERQYE PER 061821659 CAMILA DE ALBUQYERQYE PER', 'UBAJARA / CE', 'varejaochocobalas@uol.com.br'),
(450, '000490-CESAR AUGUSTO AGIO 769.420.909-72', 'RUA BELO HORIZONTE - 1667 JARDIM TAMOIO', '(44) 99900-3509', '87.505-070', 'CESAR AUGUSTO AGIO 200100211 CESAR AUGUSTO AGIO', 'UMUARAMA / PR', 'agio1212@hotmail.com'),
(451, '000257-D. N. M. DE MACEDO ME 04.433.953/0001-02', 'RUA CICERO PORTELA - 389 CENTRO', '(89) 99997-1523', '64.300-000', 'D. N. M. DE MACEDO ME 194476820 D. N. M. DE MACEDO ME', 'VALENCA DO PIAUI / PI', 'mic.amasrep@hotmail.com'),
(452, '000381-F. ELY. PIO DO NASCIMENTO 10.571.393/0001-47', 'RUA MODESTO MENDONÇA - 625 CENTRO', '(88) 3322-2658', '62.265-000', 'F. ELY. PIO DO NASCIMENTO 063733439 F. ELY. PIO DO NASCIMENTO', 'VARJOTA / CE', 'gil.mara.defarias@gmail.com'),
(453, '000544-AUGUSTO CESAR SIEBRA CAVALCANTE 05.764.927/0001-11', 'RUA DUQUE DE CAXIAS - 26 CENTRO', '(88) 99934-0597', '63.540-000', 'AUGUSTO CESAR SIEBRA CAVA 066811007', 'VARZEA ALEGRE / CE', '001-'),
(454, '000100-BELLO FIO PERFUMARIA LTDA ME 00.577.479/0001-23', 'RUA QUINZE DE NOVEMBRO - 134 LIVRAMENTO', '(81) 3523-0199', '55.602-210', 'BELLO FIO PERFUMARIA LTDA 021116911 BELLO FIO PERFUMARIA LTDA', 'VITORIA DE SANTO ANTAO / PE', 'bellofioperfumaria@hotmail.com');

-- --------------------------------------------------------

--
-- Estrutura da tabela `oferta`
--

DROP TABLE IF EXISTS `oferta`;
CREATE TABLE IF NOT EXISTS `oferta` (
  `OFER_Codigo` int(11) NOT NULL AUTO_INCREMENT,
  `OFER_Nome` varchar(150) DEFAULT NULL,
  `OFER_Imagem` varchar(250) DEFAULT NULL,
  `OFER_Identificador` varchar(250) DEFAULT NULL,
  `OFER_Descricao` longtext,
  PRIMARY KEY (`OFER_Codigo`)
) ENGINE=InnoDB AUTO_INCREMENT=2 DEFAULT CHARSET=latin1;

--
-- Extraindo dados da tabela `oferta`
--

INSERT INTO `oferta` (`OFER_Codigo`, `OFER_Nome`, `OFER_Imagem`, `OFER_Identificador`, `OFER_Descricao`) VALUES
(1, '#Tô Assim', 'cc348f706dd0fc509252f674886f7a42.jpg', NULL, 'AKJDKASJDKSADJKASDJSKADJKASDJASKDJAD');

-- --------------------------------------------------------

--
-- Estrutura da tabela `produtos`
--

DROP TABLE IF EXISTS `produtos`;
CREATE TABLE IF NOT EXISTS `produtos` (
  `PRO_Codigo` int(11) NOT NULL AUTO_INCREMENT,
  `PRO_Codigo_Categoria` int(11) DEFAULT NULL,
  `PRO_Nome` varchar(150) DEFAULT NULL,
  `PRO_Descricao_Curta` longtext,
  `PRO_Descricao_Completa` longtext,
  `PRO_Grama1` varchar(150) DEFAULT NULL,
  `PRO_Caixa1` varchar(150) DEFAULT NULL,
  `PRO_Grama2` varchar(150) DEFAULT NULL,
  `PRO_Caixa2` varchar(150) DEFAULT NULL,
  `PRO_Grama3` varchar(150) DEFAULT NULL,
  `PRO_Caixa3` varchar(150) DEFAULT NULL,
  `PRO_Grama4` varchar(150) DEFAULT NULL,
  `PRO_Caixa4` varchar(150) DEFAULT NULL,
  `PRO_Grama5` varchar(150) DEFAULT NULL,
  `PRO_Caixa5` varchar(150) DEFAULT NULL,
  `PRO_Grama6` varchar(150) DEFAULT NULL,
  `PRO_Caixa6` varchar(150) DEFAULT NULL,
  `PRO_Grama7` varchar(150) DEFAULT NULL,
  `PRO_Caixa7` varchar(150) DEFAULT NULL,
  PRIMARY KEY (`PRO_Codigo`),
  KEY `FK_PRO_Codigo_Categoria` (`PRO_Codigo_Categoria`)
) ENGINE=InnoDB AUTO_INCREMENT=95 DEFAULT CHARSET=latin1;

--
-- Extraindo dados da tabela `produtos`
--

INSERT INTO `produtos` (`PRO_Codigo`, `PRO_Codigo_Categoria`, `PRO_Nome`, `PRO_Descricao_Curta`, `PRO_Descricao_Completa`, `PRO_Grama1`, `PRO_Caixa1`, `PRO_Grama2`, `PRO_Caixa2`, `PRO_Grama3`, `PRO_Caixa3`, `PRO_Grama4`, `PRO_Caixa4`, `PRO_Grama5`, `PRO_Caixa5`, `PRO_Grama6`, `PRO_Caixa6`, `PRO_Grama7`, `PRO_Caixa7`) VALUES
(47, 30, 'Tradicional', 'Limpeza e renovação celular!', 'Com ação renovadora intensiva, pode ser usado no corpo todo. Renova, remove as impurezas e prepara a pele para tratamentos complementares como hidratação, banho de lua e depilação. Indicado para todos os tipos de pele!', '150G', '24', '280G', '24', '500G', '12', '900G', '12', NULL, NULL, NULL, NULL, NULL, NULL),
(49, 30, 'Com Argila Verde', 'Proporciona todos os benefícios da argila para sua pele!', 'A argila é rica em sais minerais como ferro, silício e magnésio. Quando usado em médio/longo prazo, desintoxica a pele, aumenta a defesa natural e auxilia na renovação da células. Aliada ao nosso esfoliante, o efeito é limpeza, tratamento e hidratação. Indicado para peles sensíveis!', '90G', '24', '280G', '24', '500G', '12', '', '', NULL, NULL, NULL, NULL, NULL, NULL),
(50, 31, 'Tradicional', 'Esfoliação média, com Dolomita e Pedra Pomes!', 'O esfoliante tradicional Pelo & Pele auxilia na remoção das células mortas e impurezas. Evita rachaduras e maus cheiros. Sua fórmula ajuda a remover a calosidade dos pés, deixando-os com um toque macio.', '90G', '24', '280G', '24', '500G', '12', '900G', '12', NULL, NULL, NULL, NULL, NULL, NULL),
(51, 31, 'Com Argila Verde', 'Proporciona todos os benefícios da argila para sua pele!', 'Rica em propriedades terapêuticas, a argila elimina as toxinas e substâncias nocivas a pele, produzindo efeito antisséptico e antibacteriano. Aliada ao nosso esfoliante, o efeito é limpeza, tratamento e hidratação. Indicado para peles sensíveis!', '90G', '24', '280G', '24', '500G', '12', '', '', NULL, NULL, NULL, NULL, NULL, NULL),
(52, 30, 'Max Esfoliação', 'Esfoliação com forte abrasão, para peles mais resistentes!', 'Esfoliação intensiva, indicado para as áreas mais ressecadas, com acúmulo de células mortas, como joelhos e cotovelos. Renova a pele, remove as impurezas e tonifica, deixando o corpo macio, com toque suave e resultado luminoso de pele saudável. Indicado para peles mais resistentes!', '90G', '24', '280G', '24', '500G', '12', '', '', NULL, NULL, NULL, NULL, NULL, NULL),
(54, 30, 'Maracujá', 'Acalma, hidrata e renova a pele. (Sem Corante)', 'Rico em vitamina A e C, o maracujá possui alta concentração de ácidos graxos que hidratam, acalmam e combatem as irritações na pele! A esfoliação remove impurezas e elimina células mortas restabelecendo o equilíbrio natural da pele.', '280G', '24', '500G', '12', '', '', '', '', NULL, NULL, NULL, NULL, NULL, NULL),
(55, 31, 'Max Esfoliação', 'Esfoliação com forte abrasão, para peles mais resistentes!', 'Remove as células mortas, hidrata a pele , suavisando calos e asperezas. Possui propriedades hidratantes e regeneradoras. Indicado para peles mais resistentes!', '90G', '24', '280G', '24', '500G', '12', '', '', NULL, NULL, NULL, NULL, NULL, NULL),
(56, 31, 'Pele Grossa e Ressecada', 'Ideal para pele muito grossa e ressecada!', 'O esfoliante pele muito grossa e ressecada Pelo & Pele ajuda na reestruturação da pele, eliminando células mortas, hidratando, amaciando e limpando profundamente!', '280G', '24', '500G', '12', '', '', '', '', NULL, NULL, NULL, NULL, NULL, NULL),
(57, 32, 'Tradicional', 'Proteção e hidratação para sua pele!', 'Ideal para proteger a pele de possíveis reações na aplicação de banhos de lua e descolorantes. Por ser um produto de hidratação intensiva, pode também ser usado em massagens e outros tratamentos estéticos.', '80G', '24', '150G', '24', '400G', '12', '800G', '12', NULL, NULL, NULL, NULL, NULL, NULL),
(58, 32, 'Pele Morena', 'Proteção e hidratação com os benefícios do óleo de amêndoas!', 'Ideal para proteger a pele de possíveis reações na aplicação de banhos de lua e descolorantes. Por ser um produto de hidratação intensiva, pode também ser usado em massagens e outros tratamentos estéticos. O óleo de amêndoas é um excelente hidratante, melhora a elasticidade da pele e ajuda também a reduzir a inflamação da pele.', '80G', '24', '150G', '24', '400G', '12', '800G', '12', NULL, NULL, NULL, NULL, NULL, NULL),
(59, 32, 'Chocolate', 'Hidratação intensiva e pele reluzente!', 'Ideal para proteger a pele de possíveis reações na aplicação de banhos de lua e descolorantes. Por ser um produto de hidratação intensiva, pode também ser usado em massagens e outros tratamentos estéticos. O chocolate é rico em antioxidantes e possui ação umectante sendo eficaz para revitalizar a pele!', '80G', '24', '150G', '24', '400G', '12', '', '', NULL, NULL, NULL, NULL, NULL, NULL),
(60, 32, 'Com Óleo de Coco', 'Hidratação com benefícios do Óleo de coco!', 'Ideal para proteger a pele de possíveis reações na aplicação de banhos de lua e descolorantes. O óleo de coco mantém a pele macia sem obstruir os poros e sem deixá-la oleosa. Com efeito anti-inflamatório, ele hidrata, acalma, e previne os sinais de envelhecimento!', '80G', '24', '150G', '24', '400G', '12', '', '', NULL, NULL, NULL, NULL, NULL, NULL),
(61, 33, 'Ceras Depilatórias Naturais', '100% natural e hidrossolúvel, enriquecidas com vitamina C.', 'Cera depilatória Natural - A base de limão e mel, livre de essências ou corantes, a CERA NATURAL é indicada para todos os tipos de pele! \r\n\r\nCera depilatória Mel - Especial para pelos mais finos, alta eficiência, maior rendimento e ação hidratante, indicada para todos os tipos de pele!\r\n\r\nCera depilatória Maracujá - Rico em vitaminas A e C, o maracujá hidrata a pele, age contra infecções e ajuda na cicatrização!\r\n\r\nCera depilatória Frutas Vermelhas - Levemente perfumada, a Cera Frutas Vermelhas permite uma depilação rápida, eficiente e pode ser aplicada em todo o corpo: pernas, braços, buço, virilha e axilas. Indicado para todos os tipos de pele!', 'Limão 350G', '24', 'Limão 680G', '12', 'Mel 350G', '24', 'Mel 650G', '18', 'Maracujá 350G', '24', 'Maracujá 680G', '18', 'Frutas V. 350G', '24'),
(62, 33, 'Perlon para depilação', 'Descartável, prático e higiênico!', 'É ideal para uso em depilações com cera quente natural Pelo & Pele ou roll-on. É hipoalergênico, extremamente higiênico e resistente.', '100 Folhas', '24', '50 Folhas ', '12', '', '', '', '', '', '', '', '', '', ''),
(63, 33, 'Higienizador e Removedor', 'Pré e Pós Depilação!', 'Higienizador Pré Depilação: Prepara a pele para a depilação, removendo a oleosidade excessiva e as impurezas, facilitando a extração dos pelos.\r\n\r\nRemovedor de Cera: À base de própolis, remove os resíduos pós depilatórios, ajudando na cicatrização, evitando pelos encravados e diminuindo a hipersensibilidade.', 'Higienizador 100ML', '24', 'Removedor 100ML', '24', '', '', '', '', '', '', '', '', '', ''),
(64, 33, 'Talco pré depilação', 'Cera somente nos pelos, pele protegida!', 'Retira a umidade e evita o contato da Cera com a pele, aderindo somente nos pelos, o que faz a depilação ser mais eficiente com menos dor.', '200G', '24', '750G', '12', '', '', '', '', '', '', '', '', '', ''),
(65, 34, 'Kit Especial', 'Tratamento completo, trazendo 9 itens!', 'Descolore sem incômodos e hidrata a pele, deixando os pelos do corpo dourados. Contém Parafina com óleo de coco e máscara nutritiva de Argila Branca, que ajuda a minimizar as agressões causadas pelo processo de descoloração, auxiliando na maciez e hidratação da pele.', 'Sacola', '24', 'Caixa', '24', '', '', '', '', '', '', '', '', '', ''),
(66, 34, 'Kit Básico', 'Descoloração rápida e de fácil aplicação!', 'Descolore sem incômodos e hidrata a pele, deixando os pelos do corpo dourados. Contém Parafina com óleo de coco que ajuda a minimizar as agressões causadas pelo processo de descoloração.', 'Sacola', '24', 'Transparente', '24', '', '', '', '', '', '', '', '', '', ''),
(67, 34, 'Kit essencial', 'Pele limpinha e Pelos dourados!', 'Descolore sem incômodos e hidrata a pele, deixando os pelos do corpo dourados. Contém Parafina com óleo de coco que ajuda a minimizar as agressões causadas pelo processo de descoloração auxiliando na maciez e hidratação da pele.', 'Sacola', '12', 'Caixa', '12', '', '', '', '', '', '', '', '', '', ''),
(68, 34, 'Kit ervas', 'Com ativos naturais que nutrem e hidratam a pele!', 'Além dos benefícios de um banho de lua, o Kit ERVAS possui também ativos naturais e medicinais que dão um tratamento especial para a pele. Com propriedades energizantes, nutritivas e hidratantes, ajuda também no combate às estrias e envelhecimento precoce!', 'Caixa', '12', '', '', '', '', '', '', '', '', '', '', '', ''),
(69, 35, 'Tratamento Facial', 'Linha de prevenção e tratamento facial!', 'Peeling facial com Argila Verde: é um tratamento estético, sua ação estimula a regeneração celular, evita cravos, espinhas, rugas e combate o envelhecimento precoce.\r\n\r\nCreme Cravos e Espinhas: Com fórmula suave a base de própolis e argila verde, o creme secativo cravos e espinhas oferece hidratação e cicatrização das espinhas. Não irrita nem altera o PH natural da pele!\r\n\r\nSabonete em Pó: À base bicarbonato de sódio e amido, protege contra irritações e manchas superficiais da pele. A fórmula proporciona uma limpeza profunda, que elimina as impurezas sem remover a proteção natural da pele, podendo ser usado diariamente para a higiene e cuidados da pele.', 'Peeling 90G', '24', 'C. Secativo 150G', '24', 'Sabonete 80G', '24', '', '', '', '', '', '', '', ''),
(70, 35, 'Amolecedor de Cutículas', 'Amolecedor com PRÓPOLIS, prevenção e proteção!', 'À base de própolis, protege contra possíveis bactérias e inflamações, ajuda na cicatrização, hidrata e amolece a cutícula auxiliando sua remoção.', '100G', '24', '', '', '', '', '', '', '', '', '', '', '', ''),
(73, 35, 'Ação contra Calos e Rachaduras', 'Pele lisinha, sem calos ou rachaduras, eficácia garantida!', 'Cicatrizante para Rachaduras: De volta a liberdade! Agora seus pés estarão livres das incômodas rachaduras no calcanhar. O uso diário deste creme, vai proporcionar alívio imediato das dores e cicatrização progressiva.\r\n\r\nLixa Liquida: Um produto revolucionário, sem ácidos, à base de mel e própolis, hidrata e amacia o pés sem a necessidade de abrasivos, o uso diário da Lixa líquida serve também como ação preventiva contra pele grossa, calos e rachaduras!', 'Cicatrizante 90G', '24', 'Lixa Liquida 50ML', '24', '', '', '', '', '', '', '', '', '', ''),
(74, 35, 'Kit Saúde dos Pés', 'O cuidado especial que seus pés merecem!', 'Um verdadeiro SPA para os pés, pele fina, limpa, hidratada e livre de rachaduras. O cuidado especial que seus pés merecem!', '350G ', '24', '', '', '', '', '', '', '', '', '', '', '', ''),
(77, 36, 'Esfoliantes Especiais', 'Esfoliantes diferenciados, com abrasivos minerais!', 'Esfoliante Canforado: Alivia o cansaço e refresca os pés, deixando-os renovados e macios. Remove a camada mais superficial e seca da pele, proporcionando uma sensação refrescante e revigorante! Indicado para todos os tipos de pele! \r\n\r\nEsfoliante Efervescente: O processo de descamação natural da pele, a deixa irregular e opaca. Com uma fórmula inovadora, o esfoliante efervesecente repara essa deficiência e penetra nos poros limpando profundamente, facilitando a hidratação e o bronzeamento. Indicado para todos os tipos de pele!', 'Esfoliante Canforado 280G', '24', 'Esfoliante Efervescente 280G', '24', '', '', '', '', '', '', '', '', '', ''),
(78, 36, 'Kit Axila e Virilha', 'Hidrata e devolve progressivamente a cor natural da pele!', 'Por ser uma zona de atrito, axilas e virilhas possuem tendência natural a escurecer. Alterações hormonais, exposição ao sol e uso contínuo de produtos como desodorantes, cremes diversos e depilação com lâmina, proporcionam o surgimento de manchas escuras. O uso frequente desse kit, irá devolver progressivamente a cor natural da pele!', '300G', '24', '', '', '', '', '', '', '', '', '', '', '', ''),
(81, 36, 'Henna p/ Sombrancelha', 'Kit Henna Profissional com ativos naturais!', 'Cria sombrancelhas profissionais com aspecto natural, sua fórmula possibilita o preenchimento completo das falhas, resultando em desenhos definidos , deixando o visual mais atraente.', 'Castanho Claro', '24', 'Castanho Médio', '24', 'Castanho Escuro', '24', 'Chocolate', '24', 'Loiro Escuro', '24', 'Marrom', '24', 'Preto', '24'),
(82, 37, 'Sais de Banho 100G', 'Limpa, trata e perfuma a pele!', 'Os sais de banho deixam o banho muito mais delicioso. Eles ajudam a relaxar, exalam aromas e massageiam a pele. Além disso, fazem uma esfoliação na camada superficial da pele e permitem que qualquer produto que seja aplicado depois tenha maior absorção.', 'Afrodisíaco', '60', 'Exótico', '60', 'Sensual', '60', '', '', '', '', '', '', '', ''),
(83, 37, 'Talco Extre Fino', 'Talco neutro, indicado para uso geral!', 'Um produto muito versátil, pode ser usado em várias ocasiões: após o corte de cabelo, para massagem, para evitar suor nos pés, para tirar oleosidade dos cabelos, para acalmar a pele, entre outras...', 'Sache 750G', '12', '', '', '', '', '', '', '', '', '', '', '', ''),
(85, 37, 'Argilas', '100% pura, para tratamentos medicinais e estésticos!', 'Argila Branca: Possui propriedades cicatrizantes, purificantes, adstringentes, antisséptica, entre outras... Clareia manchas de senilidade, age como desintoxicante corporal e reduz a oleosidade da pele e rugas de expressão!\r\n\r\nArgila Verde: 100% natural e rica em minerais como ferro, potássio, cálcio, magnésio e outros hidróxidos coloidais. Quando usada a médio/longo prazo, desintoxica a pele, aumenta a defesa natural e contribui com a renovação celular. Reduz a oleosidade do couro cabeludo e cabelo, regula a queratinização, hidrata, combate o envelhecimento precoce, previne rugas, cravos e espinhas!', 'Argila Branca 500G', '24', 'Argila Branca 80G', '84', 'Argila Verde 100G', '96', 'Argila Verde 500G', '24', '', '', '', '', '', ''),
(86, 39, 'Máscaras Faciais', 'Máscaras com efeito detox para a pele!', 'O Carvão Ativado remove impurezas, toxinas e até resquícios de maquiagem, o que proporciona para a pele, luminosidade, suavidade, maciez, proteção e uniformidade, auxilia na remoção de células mortas, controla a oleosidade e reduz o tamanho dos poros!\r\n\r\nArgila Verde tem um duplo poder: funciona, em simultâneo, como máscara e esfoliante. Possui propriedades de absorção de impurezas e de efeito detox para a pele. A Argila Verde desintoxica, reduz a oleosidade, combate o envelhecimento precoce, desobstrui os poros, renova as células, remineraliza e revitaliza a cútis!\r\n\r\nArgila Branca possui propriedades: Hidratante, Clareadora, Cicatrizante, Purificante, entre outras. Controla a oleosidade prevenindo rugas e espinhas! Este mineral é composto por óxido de alumínio, óxido de silício e sais minerais que suavizam e acalmam a pele, deixando-a visivelmente transformada, mais bonita e radiante.', '120G', '24', '120G', '24', '120G', '24', '', '', '', '', '', '', '', ''),
(87, 39, 'Óleos Corporais', 'Acalma, hidrata e renova a pele. (Sem Corante)', 'Com aroma Afrodisíaco, o óleo corporal hidrata, tonifica, combate o envelhecimento precoce e ressecamento, mantendo a elasticidade da pele.\r\n\r\nCom aroma Sensual, o óleo corporal hidrata, tonifica, combate o envelhecimento precoce e ressecamento, mantendo a elasticidade da pele.\r\n\r\nCom aroma Exótico, o óleo corporal hidrata, tonifica, combate o envelhecimento precoce e ressecamento, mantendo a elasticidade da pele.', '100ML', '24', '100ML', '24', '100ML', '24', '', '', '', '', '', '', '', ''),
(88, 39, 'Sais de banho', 'Proporciona todos os benefícios da argila para sua pele!', 'Com aroma Afrodisíaco, proporciona uma sensação de relaxamento, limpeza e bem-estar. Pode ser usado na banheira, no chuveiro e como escalda-pés.\r\n\r\nCom aroma Sensual, proporciona uma sensação de relaxamento, limpeza e bem-estar. Pode ser usado na banheira, no chuveiro e como escalda-pés.\r\n\r\nCom aroma Exótico, proporciona uma sensação de relaxamento, limpeza e bem-estar. Pode ser usado na banheira, no chuveiro e como escalda-pés.', '150G', '24', '150G', '24', '150G', '24', '', '', '', '', '', '', '', ''),
(89, 38, 'Argilas em frasco', 'Argila 100% pura em embalagem sustentável!', 'Argila Branca: Possui propriedades cicatrizantes, purificantes, adstringentes, antisséptica, entre outras... Clareia manchas de senilidade, age como desintoxicante corporal e reduz a oleosidade da pele e rugas de expressão!\r\n\r\nArgila Verde: 100% natural e rica em minerais como ferro, potássio, cálcio, magnésio e outros hidróxidos coloidais. Quando usada a médio/longo prazo, desintoxica a pele, aumenta a defesa natural e contribui com a renovação celular. Reduz a oleosidade do couro cabeludo e cabelo, regula a queratinização, hidrata, combate o envelhecimento precoce, previne rugas, cravos e espinhas!', 'Argila Branca 220G', '06', 'Argila Verde 300G', '06', '', '', '', '', '', '', '', '', '', ''),
(90, 38, 'Parafina Ativadora', 'Pele sedosa e radiante!', 'Além de proteger a pele de possíveis reações alérgicas na aplicação de banhos de lua e descolorantes, a Parafina Ativadora destaca e prolonga o bronzeado, hidrata evitando o ressecamento da pele!', '400G', '12', '80G', '24', '', '', '', '', '', '', '', '', '', ''),
(91, 38, 'Ceras depilatórias', 'Fórmula especial que remove os pelos com menos dor!', 'Mel e Limão: A Cera Mel e Limão promove uma depilação fácil e menos dolorida, possui componentes naturais como o Mel, rico em nutrientes que ajudam na renovação celular deixando a pele macia e hidratada. Indicado para todo tipo de pele.\r\n\r\nCera Pernas: A Cera Pernas foi especialmente formulada para pelos resistentes, possui maior quantidade de mel, que além de propriedades cicatrizantes, envolve melhor os pelos grossos, arrancando-os por inteiro. Indicado para todo tipo de pele.\r\n\r\nMel e Maracujá: A Cera Mel e Maracujá proporciona uma depilação mais suave e delicada, o maracujá possui uma substância chamada passiflorina, que amolece os pelos, ameniza dores e inflamações. Indicado para todo tipo de pele.', 'Mel e Limão', '24', 'Pemas', '24', 'Mel e Maracujá', '24', '', '', '', '', '', '', '', ''),
(92, 37, 'Descolorantes 50G', 'Não engrossa nem influencia no crescimento dos pelos!', 'O Pó descolorante Pelo & Pele é exclusivo para uso corporal, capaz de descolorir pelos mais grossos, sua fórmula contém ativos que limpam a pele e descolore os pelos com rapidez!', 'Argila Rosa', '192', 'Argila Verde', '192', 'Camomila', '192', 'Mel', '192', 'Menta', '192', '', '', '', ''),
(93, 36, 'Argilas Orgânicas', 'Argila 100% pura em embalagem sustentável!', 'Argila Branca: Possui propriedades cicatrizantes, purificantes, adstringentes, antisséptica, entre outras... Clareia manchas de senilidade, age como desintoxicante corporal e reduz a oleosidade da pele e rugas de expressão!\r\n\r\nArgila Verde: 100% natural e rica em minerais como ferro, potássio, cálcio, magnésio e outros hidróxidos coloidais. Quando usada a médio/longo prazo, desintoxica a pele, aumenta a defesa natural e contribui com a renovação celular. Reduz a oleosidade do couro cabeludo e cabelo, regula a queratinização, hidrata, combate o envelhecimento precoce, previne rugas, cravos e espinhas!', 'Argila Branca 220G', '24', 'Argila Verde 300G', '24', '', '', '', '', '', '', '', '', '', ''),
(94, 39, 'Hidratantes', 'Hidratação intensiva com ativos naturais e Glicerina!', 'Desenvolvido para atender as necessidades da pele fragilizada. Com vitaminas e uma fórmula exclusiva com alto poder de hidratação, ajuda a reparar e repor os nutrientes perdidos durante as agressões externas (frio, calor, sol, vento e poluição), evitando incômodos decorrentes do ressecamento!', '100G Afrodisíaco', '24', '100G Exótico', '24', '100G Sensual', '24', '', '', '', '', '', '', '', '');

-- --------------------------------------------------------

--
-- Estrutura da tabela `produtos_categoria`
--

DROP TABLE IF EXISTS `produtos_categoria`;
CREATE TABLE IF NOT EXISTS `produtos_categoria` (
  `PROCAT_Codigo` int(11) NOT NULL AUTO_INCREMENT,
  `PROCAT_Nome` varchar(150) DEFAULT NULL,
  PRIMARY KEY (`PROCAT_Codigo`)
) ENGINE=InnoDB AUTO_INCREMENT=40 DEFAULT CHARSET=latin1;

--
-- Extraindo dados da tabela `produtos_categoria`
--

INSERT INTO `produtos_categoria` (`PROCAT_Codigo`, `PROCAT_Nome`) VALUES
(30, 'Esfoliantes para o Corpo'),
(31, 'Esfoliantes para os Pés'),
(32, 'Parafinas corporais'),
(33, 'Linha Depilatória'),
(34, 'Kits Banho de Lua'),
(35, 'Linha de Tratamentos'),
(36, 'Especiais e Diferenciados'),
(37, 'Argilas e Sachês diversos'),
(38, 'Parlé'),
(39, 'Tô Assim');

-- --------------------------------------------------------

--
-- Estrutura da tabela `produtos_espeficicacoes`
--

DROP TABLE IF EXISTS `produtos_espeficicacoes`;
CREATE TABLE IF NOT EXISTS `produtos_espeficicacoes` (
  `PROESP_Codigo` int(11) NOT NULL AUTO_INCREMENT,
  `PROESP_Descricao` varchar(150) DEFAULT NULL,
  `PROESP_Codigo_Produto` int(11) DEFAULT NULL,
  PRIMARY KEY (`PROESP_Codigo`),
  KEY `FK_PROESP_Codigo_Produto` (`PROESP_Codigo_Produto`)
) ENGINE=InnoDB DEFAULT CHARSET=latin1;

-- --------------------------------------------------------

--
-- Estrutura da tabela `produtos_espeficicacoes_dados`
--

DROP TABLE IF EXISTS `produtos_espeficicacoes_dados`;
CREATE TABLE IF NOT EXISTS `produtos_espeficicacoes_dados` (
  `PROESPD_Codigo` int(11) NOT NULL AUTO_INCREMENT,
  `PROESPD_Descricao` varchar(150) DEFAULT NULL,
  `PROESPD_Codigo_Especificacao` int(11) DEFAULT NULL,
  PRIMARY KEY (`PROESPD_Codigo`),
  KEY `FK_PROESPD_Codigo_Especificacao` (`PROESPD_Codigo_Especificacao`)
) ENGINE=InnoDB DEFAULT CHARSET=latin1;

-- --------------------------------------------------------

--
-- Estrutura da tabela `produtos_imagens`
--

DROP TABLE IF EXISTS `produtos_imagens`;
CREATE TABLE IF NOT EXISTS `produtos_imagens` (
  `PROIMG_Codigo` int(11) NOT NULL AUTO_INCREMENT,
  `PROIMG_Codigo_Produto` int(11) DEFAULT NULL,
  `PROIMG_Imagem` varchar(250) DEFAULT NULL,
  PRIMARY KEY (`PROIMG_Codigo`),
  KEY `FK_PROIMG_Codigo_Produto` (`PROIMG_Codigo_Produto`)
) ENGINE=InnoDB AUTO_INCREMENT=178 DEFAULT CHARSET=latin1;

--
-- Extraindo dados da tabela `produtos_imagens`
--

INSERT INTO `produtos_imagens` (`PROIMG_Codigo`, `PROIMG_Codigo_Produto`, `PROIMG_Imagem`) VALUES
(25, 49, '603140852934fe32a836794487629a19.jpg'),
(26, 49, '0fb8c3f028222e76fd3640d3146d8658.jpg'),
(27, 49, '8f909fbcf1223a155daf02c298978f3b.jpg'),
(28, 49, '77436df1ed48261cd591c8a430782eac.jpg'),
(29, 50, '7e008977fbfa9a58cc0d6c907dbf61a4.jpg'),
(30, 50, 'ac51c02b2889b70bea684d9a612c7298.jpg'),
(31, 50, '937f5cfbd52a191087b7dbae1ef0471f.jpg'),
(32, 50, '28b0b5f7eda6d2c944e753b124421113.jpg'),
(33, 50, '1555c41f90d0fef6b71ac214b7db8d50.jpg'),
(34, 51, '2009c9793f332fd55f32c3146c694fd9.jpg'),
(35, 51, '9d602a54365b066df0e55aab8e1bd8ff.jpg'),
(36, 51, '826d09f8bd9265fa1dedc24784ec88fa.jpg'),
(37, 51, 'e809be583d43da524f0f62516fd22b42.jpg'),
(38, 52, '5518bb89a88b56711b34a9465fe8c857.jpg'),
(39, 52, 'bb299fd1156c391f4321af76e0dd3585.jpg'),
(40, 52, '520e9049c9dbf90c01f83508489cd228.jpg'),
(41, 54, '0ad28dc02df3c2db2fdda929bbfe57c5.jpg'),
(42, 54, 'eea0e1ca45bc67f52d93838bec531c6f.jpg'),
(43, 54, 'a8ecb9a2225978ef33c6765959f09982.jpg'),
(44, 55, '92dc0918fb2f4736d290f8ba4804b58e.jpg'),
(45, 55, 'b222ed78418d030f50d8efbb2ea4d93d.jpg'),
(46, 55, '8c4760c8ef0b6a8bbb78d68580abe9f3.jpg'),
(54, 58, '94f3a3e5ac28a55fd223ca3d94115115.jpg'),
(55, 58, '2d0a618be79b847c43bae8f072391f2a.jpg'),
(56, 58, '2515966482bacabd6125331aa530436c.jpg'),
(57, 58, 'e1a69baafd10b98f1abec1489c63bc15.jpg'),
(58, 58, '69497d2e7ae6d02998604d8c044c6d77.jpg'),
(59, 59, 'a4daba5dff88ef10a9e45e6c15dd4663.jpg'),
(60, 59, 'd33cf5b09d050deb393d700a49daa0aa.jpg'),
(61, 59, '7a23ce2b31d2e9ce2c84b8c58a4d4b4b.jpg'),
(62, 59, '669f2de30f095e66537a455b4a1d4a93.jpg'),
(63, 60, '186874cb88ad8f83a7ee0d4f5fd8a72e.jpg'),
(64, 60, '826a7a0e4f480a50d14cf870fa3afc6d.jpg'),
(65, 60, '9be6c22f31d16cfadf73aa28dda44c51.jpg'),
(66, 60, '792e09c39b614d1c936fe7ed8dd4a260.jpg'),
(67, 61, '1c6084743019037d75f586fc6677c712.jpg'),
(68, 61, '15d2b5d01e6b0c02552d70d37e575771.jpg'),
(69, 61, 'f239169cf60306bf9ee177d908e98462.jpg'),
(70, 61, 'dd5957f8dad3b210d340bca334fd1f44.jpg'),
(71, 61, 'a03767fc1feb239b0212e73c6d605dfe.jpg'),
(72, 62, '407a5b909605d609bd84355aef4f1ba5.jpg'),
(73, 62, '1fdf16d6fb37e311c9d5dbd698bb6b36.jpg'),
(74, 63, 'c89cf89040f1547cdfeca2e0e2310efb.jpg'),
(75, 63, 'cb4753eed351e5ac51c2dc85628acd64.jpg'),
(76, 64, 'd155dd2ae1ec9fa1fa46c24360b0fd80.jpg'),
(77, 64, 'e370f94e4fce5236ff911fed1b2f9daf.jpg'),
(78, 65, '0ee3effa6a23f3b019e17c33f6e66c29.jpg'),
(79, 66, '545a75535a3376767cd40a5ea8da0f81.jpg'),
(80, 66, '2c4baeb332dac7752790e3c79e44bc25.jpg'),
(81, 67, 'e41b7956b8e9f35e9422cc2d010e20ed.jpg'),
(82, 67, '97a99d62fb6792bbd3cfb142e60a6394.jpg'),
(83, 68, '2375ff85552d9a3c36cc00e53b762e6a.jpg'),
(88, 70, '3a079b9610cdccbe42443e5d4994bb45.jpg'),
(89, 73, '9c1d701222dc1cfd6d3dd903f0c2d91c.png'),
(90, 73, '701c814ee6b7e09b68ff8cc703f3274f.jpg'),
(91, 73, '8b1ba1f4878abc59e130e47c247dadcb.jpg'),
(92, 74, 'd8c3dc2a03f90a3c593668c63b0f5af5.jpg'),
(96, 78, '03ad4e7d8a946d4b9d85e27477278c9c.jpg'),
(97, 81, 'ee04600f6d0f92d234f3e30163238134.jpg'),
(98, 82, '2449e3ece1517cb08a7f84886421becc.jpg'),
(99, 82, '0366fa602508be03d85681d6e15a0bfd.jpg'),
(100, 82, '82ea640e08888bf046281ec2ec57de15.jpg'),
(101, 83, '9a19079d4e3c80b9e92af2d9d3278ee9.jpg'),
(102, 85, '5b3acc8f0dd8d229145fe3cc0f1a2faa.jpg'),
(103, 85, '5c85bbfee612ff057c88ec1008114310.png'),
(104, 85, 'dcf4c9411233c23c9a4a6be49140909a.png'),
(105, 85, '48701375de84814a6bc541811adf82fe.png'),
(106, 86, '7ceba8f77913e711407687a4e2aa56f3.jpg'),
(107, 86, '4014c5034337b8137d9f2e42cd335bba.jpg'),
(108, 86, 'daf976fb247d0487413205897eb51c8a.jpg'),
(112, 88, '3a05e03155be7edbde31f69ef914807a.jpg'),
(113, 88, '7d2172ba560d541ae2c3f3fb631bc446.jpg'),
(114, 88, '0abafc2f1ace3523e6519d576a61bb88.jpg'),
(115, 89, 'df38c104b10b2610b11f2d686216354c.jpg'),
(116, 89, '8c83f48cf6f99e760a25cc6f35d0f927.jpg'),
(117, 90, 'bfa16d20f444cb66eca4857dbdbf0964.jpg'),
(118, 90, 'd32a4d77f8c34feadf2bc450b651945e.png'),
(119, 91, '3cb37bbd8c6dfe8c2c82432e17dfa413.jpg'),
(120, 91, 'b95abd7caf47d109deab0a5f45a57801.jpg'),
(121, 91, '8d04ced848031c95ee58d840f9a2653e.jpg'),
(122, 87, 'aaaa831a712cd39c76e27939584c6f43.jpg'),
(123, 87, '30d0aba1826c90c39ca7b51a61bb4601.jpg'),
(124, 87, '5cf9d131c3aa5ba5bb33eef952f65441.jpg'),
(125, 47, 'cc348f706dd0fc509252f674886f7a42.jpg'),
(126, 47, '65729e7f92a94606fc48a0a890d91e74.jpg'),
(127, 47, '6995aab802c4ef34324243062ab44faf.jpg'),
(128, 47, '3c3012dabf52dd53ece756e4c976d76a.jpg'),
(129, 47, 'c8b28d031a64d2b3f054d949164c7a2e.jpg'),
(135, 92, 'b1694813c87a77d0a8ddf3aa263a7deb.png'),
(136, 92, 'f6a2a3d0d2f894f8e00e86695ef173a4.png'),
(137, 92, '1313e369e82505657c9cdb763e89fbae.png'),
(138, 92, 'be0991c697324fdb72fde25d6fdd3b43.png'),
(139, 92, '7833c1a76d8f19c92ef9ef61733fa681.png'),
(146, 94, 'b9a0cc4f9cb224aa58c23615154009cd.png'),
(147, 94, '9f3ade1f5d30c76842ac0c645bf9c3b3.png'),
(148, 94, '07da2a33a8b5a3e3b486e3e51c99f122.png'),
(157, 69, 'e13b4b937fde1ea6b2791176b501db35.png'),
(158, 69, 'a605d7f760a2727214e430256a96f809.png'),
(159, 69, '85ef9bbf5da19faa659595a761ff59ec.png'),
(160, 69, 'fb82549ee58419011aa465e729c1f62e.png'),
(161, 77, 'f3c57d77bedfbac22c2799956b81a408.png'),
(162, 77, '2b5cb123124d54ae87337c6105dfff51.png'),
(163, 77, '51886cca2073b28be140615370c0db03.png'),
(167, 57, '8baf8a548a52da75c6fcda3a8037ed8e.png'),
(168, 57, '23190b40b1fb99f3f6063724af0bacb2.png'),
(169, 57, 'a5736648721e577e422ecec0f38e2356.png'),
(170, 57, '223a321a7ee8d287bc5ab90fca5143e9.png'),
(171, 57, '5c6a920cee5afce302963a71c931d4d5.png'),
(172, 93, '3c8367ea6ec0411841e20ac6a25a516f.png'),
(173, 93, '3b89e6beab9679722bc85fff25dff8a0.png'),
(174, 93, 'dc7ecafb71250b5b9dd8e2db92f7d8f5.png'),
(175, 56, '21a022ab80c37dbfcb6700320bef9732.png'),
(176, 56, '09cd3ded4eb9616f2a20a93b29b9975b.png'),
(177, 56, '20391049bc518d62cecaec50d27a1702.png');

-- --------------------------------------------------------

--
-- Estrutura da tabela `usuario`
--

DROP TABLE IF EXISTS `usuario`;
CREATE TABLE IF NOT EXISTS `usuario` (
  `USR_Codigo` int(11) NOT NULL AUTO_INCREMENT,
  `USR_Nome` varchar(150) DEFAULT NULL,
  `USR_Email` varchar(150) DEFAULT NULL,
  `USR_Senha` varchar(150) DEFAULT NULL,
  `USR_Nivel` varchar(150) DEFAULT NULL,
  `USR_Imagem` varchar(250) DEFAULT NULL,
  PRIMARY KEY (`USR_Codigo`)
) ENGINE=InnoDB AUTO_INCREMENT=100 DEFAULT CHARSET=latin1;

--
-- Extraindo dados da tabela `usuario`
--

INSERT INTO `usuario` (`USR_Codigo`, `USR_Nome`, `USR_Email`, `USR_Senha`, `USR_Nivel`, `USR_Imagem`) VALUES
(99, 'Administrador', 'admin@peloepele.com', 'midia@123', 'admin', NULL);

--
-- Constraints for dumped tables
--

--
-- Limitadores para a tabela `produtos`
--
ALTER TABLE `produtos`
  ADD CONSTRAINT `FK_PRO_Codigo_Categoria` FOREIGN KEY (`PRO_Codigo_Categoria`) REFERENCES `produtos_categoria` (`PROCAT_Codigo`);

--
-- Limitadores para a tabela `produtos_espeficicacoes`
--
ALTER TABLE `produtos_espeficicacoes`
  ADD CONSTRAINT `FK_PROESP_Codigo_Produto` FOREIGN KEY (`PROESP_Codigo_Produto`) REFERENCES `produtos` (`PRO_Codigo`);

--
-- Limitadores para a tabela `produtos_espeficicacoes_dados`
--
ALTER TABLE `produtos_espeficicacoes_dados`
  ADD CONSTRAINT `FK_PROESPD_Codigo_Especificacao` FOREIGN KEY (`PROESPD_Codigo_Especificacao`) REFERENCES `produtos_espeficicacoes` (`PROESP_Codigo`);

--
-- Limitadores para a tabela `produtos_imagens`
--
ALTER TABLE `produtos_imagens`
  ADD CONSTRAINT `FK_PROIMG_Codigo_Produto` FOREIGN KEY (`PROIMG_Codigo_Produto`) REFERENCES `produtos` (`PRO_Codigo`);
COMMIT;

/*!40101 SET CHARACTER_SET_CLIENT=@OLD_CHARACTER_SET_CLIENT */;
/*!40101 SET CHARACTER_SET_RESULTS=@OLD_CHARACTER_SET_RESULTS */;
/*!40101 SET COLLATION_CONNECTION=@OLD_COLLATION_CONNECTION */;
